number,category,title,repository,url,substrate,purpose,method,evidence_and_limits,reusable_contribution
1,Starter template,Fly Connectome Template,cobanov/fly-connectome-template,https://github.com/cobanov/fly-connectome-template,MaleCNS soma positions; Flybody surface mesh,A browser workbench for showing a fly body beside activity in its nervous system.,"React/Three.js viewer accepts body-ID activity frames or replay data from a separately supplied model. The supplied atlas contains 124,289 classified soma positions.",Visualization starter. It does not include a brain simulator or trained controller; anatomical points are not measured neural activity. Its custom attribution terms deserve checking before reuse.,Ready-made body/brain presentation and activity-input format.
2,Games and control experiments,DOOMFLY,nftechie/doomfly,https://github.com/nftechie/doomfly,MaleCNS; full retained graph,"Connect a simulated fly nervous system to Doom pixels, movement, turning and firing.","Modeled photoreceptors drive the graph; fixed neuron-to-action mappings control Doom. Damage drives an engineered dopamine signal, with experimental plasticity on selected KC-to-MBON synapses.","The current v6 documentation reports failed visual, conditioning and survival checks. A running Doom integration does not establish learned survival.","Whole-graph importer, sensory/action adapters, native runtime and a documented failure-analysis workflow."
3,Games and control experiments,FlyDoom,eganeganegan/flydoom,https://github.com/eganeganegan/flydoom,MaleCNS; selected subgraphs,Test whether biological wiring helps reinforcement learning in VizDoom.,"Sparse recurrent controllers with fixed or trainable internal weights, readout-only training, PPO and an optional three-factor plasticity mode; compares against rewired graphs and conventional networks.",Research framework. Its documentation explicitly leaves topology advantage as an experimental question; implemented training options are not a demonstrated positive result.,Controlled RL comparisons with matched graph and neural-network baselines.
4,Games and control experiments,Fly64,ornata/fly,https://github.com/ornata/fly,MaleCNS; simulated neural controller,Let a fly circuit move Mario in Super Mario 64.,"Six rendered views feed a compound-eye approximation; selected descending neurons map to forward motion, steering and jumps. Background drive and noise sustain activity.",Untrained demo with no reward or star-collection objective. Movement can include walking into walls; game completion is not demonstrated.,A visual game interface and transparent mappings from named neurons to controller buttons.
5,Games and control experiments,Fly Brain Minecraft,blendi-remade/fly-brain-minecraft,https://github.com/blendi-remade/fly-brain-minecraft,MaleCNS; graph filtered to connections with at least five contacts,"Put neural flies into Minecraft, with feeding, grooming, escape and a walk-through brain display.",Java LIF simulation plus modeled senses and an authored body decoder. Looming signals are injected into higher visual cells; food approach uses an added reflex controller.,Contains simulation assays and software tests. The authors report olfactory saturation and a silent early motion pathway; approach to food is not produced by the connectome. Courtship is not demonstrated.,"Runnable Minecraft integration, circuit assays and unusually explicit descriptions of failed sensory pathways."
6,Games and control experiments,Fly Flappy,ns2250225/fly-flappy,https://github.com/ns2250225/fly-flappy,MaleCNS; whole retained network with sensory-input edge modifications,Use a fly network to play Flappy Bird in a browser.,Engineered game-state inputs stimulate visual populations. Modes include a fixed escape-neuron controller and online/accelerated training of a logistic action readout.,"The trained readout operates under hard flap-safety rules, so score cannot be attributed solely to neural learning. Incoming connections to sensory cells are removed in the configured graph.","Browser-worker simulation, interactive training and saved/importable action-readout weights."
7,Games and control experiments,Flyhard,MarkUnthank/flyhard,https://github.com/MarkUnthank/flyhard,MaleCNS; embodied foreleg controller,Make a simulated fly steer a car by physically touching a steering wheel.,A trained neural controller drives a foreleg; contact turns a passive wheel coupled to CARLA. This introduces a physical intermediate step between neural output and vehicle control.,"Reports 100/100 held-out requested-angle targets after one training run; removing body contact eliminates over 99% of steering. The target is commanded steering, not visual autonomous driving or coordinated pedal use.",A concrete embodiment test with an intervention that checks whether physical contact causes control.
8,Games and control experiments,Fly Escape,dzhng/fly-escape,https://github.com/dzhng/fly-escape,MaleCNS; selected subgraph,A browser puzzle where players arrange objects to influence flies finding an exit.,"Rust/WASM neural state for each fly, coupled to modeled sensory inputs and movement; includes inspection and replay.","Playable prototype. Consistent repulsion, puzzle difficulty and feeding effects are not all established; no learning result is claimed.","Small-subgraph browser deployment, separate per-fly state and puzzle-based interaction."
9,Games and control experiments,Swat,hrook1/Swat,https://github.com/hrook1/Swat,"MaleCNS; approximately 6,000-cell subnetwork",A swatter game in which a fly reacts to a pursuing threat.,"A modeled visual pathway, including an LC16-to-MDN route, influences retreats and evasive bursts. Cruising, collisions and animation are authored.",Fixed-circuit game demo. Neither whole-brain control nor biologically validated flight is established.,"A narrowly scoped reflex circuit with a clear, visible consequence."
10,Games and control experiments,FlyBrain,Jhongdlp/FlyBrain,https://github.com/Jhongdlp/FlyBrain,MaleCNS; large LIF network,A boss-fight arena plus a laboratory for stimulating and training neural flies.,Rust/WASM simulation receives engineered egocentric features. Escape and motor populations drive actions; experiments add reward/punishment signals and KC-to-MBON plasticity.,"Includes internal assays and controls, but those validate behavior within the project, not biological fidelity. Some attack/learning behavior remains experimental.","Combined game, stimulus sequencer, neural telemetry and training tools."
11,Games and control experiments,FlyPong,jonatasperaza/FlyPong,https://github.com/jonatasperaza/FlyPong,"MaleCNS; selected circuit, with explicitly labeled synthetic fallback",Make a fly circuit control a Pong paddle and investigate dopamine-modulated learning.,"Ball position is encoded as neural input; paddle direction is decoded from activity. Many reward schedules, plasticity settings and normalization changes are investigated.","The documented circuit can convey the direction signal, but successful dopamine-driven learning was not demonstrated. Several experiments instead produce systematic synaptic depression.",Detailed negative-result log showing why plausible plasticity rules can fail.
12,Games and control experiments,Connectome Fighter,Unjuno/connectome-fighter,https://github.com/Unjuno/connectome-fighter,MaleCNS; filtered graph; optional Flybody spectator,Connect a fly neural controller to the FightingICE fighting-game environment.,Numeric observations become Poisson inputs to a Shiu-style LIF model; predefined output populations map to game actions. Body animation uses a separate bounded adapter.,Research integration with provenance and validation ledgers. Continuous learning is off in the production configuration; public end-to-end production validation is still pending.,"Explicit observation/action contracts, intervention logs and separation of policy from spectator body."
13,Games and control experiments,Fly Chess,tolatolatop/fly-chess,https://github.com/tolatolatop/fly-chess,FlyWire v783; whole-brain LIF,A browser chess opponent with a live neural-activity view.,"Rust/WASM worker; engineered board encoding and a fixed, untrained linear move readout. Includes neuron disconnection controls and a Brian2 comparison.",Demonstrates an interface to chess; the opponent is weak and is not a trained chess reasoning system.,"Client-side neural inference, move-score inspection and interactive lesions."
14,Games and control experiments,Fly Craftax,liuzihe02/fly-craftax,https://github.com/liuzihe02/fly-craftax,"MaleCNS; approximately 146,000 non-VNC neurons",Train a fly-derived controller in Craftax survival tasks.,"JAX LIF brain stays fixed; PPO trains a linear readout of descending-neuron activity. Pixel input, internal needs and discrete actions are engineered.","The experiment tracker reports more achievements after training, but no convincing survival improvement. Held-out black/static-image controls barely change behavior; the policy mostly alternates forward and interact. Published run artifacts are not bundled and the current random-key sequence differs from the reported run.",An informative ablation study separating reward gains from actual use of vision.
15,Games and control experiments,Fly Dino / flyjump,cobanov/flyjump,https://github.com/cobanov/flyjump,MaleCNS; 80 selected cells,Teach a small connectome-based controller to play Chrome Dino.,"Eight game features enter a fixed signed recurrent circuit; cross-entropy optimization trains a 243-parameter action readout. The large anatomical display is context, not the executing network.","Reports survival on 99/100 held-out 180-second courses, with untrained and silenced controls failing. It has not established superiority over comparable arbitrary topology.","Compact, inexpensive training loop with bounded-task evaluation."
16,Games and control experiments,NeuroCraft Fly,evnsnclr/neurocraft-fly-public,https://github.com/evnsnclr/neurocraft-fly-public,MaleCNS; whole retained graph in documented local demo,Demonstrate neural fly behavior inside Minecraft.,Neural readouts select authored body programs for several interactions; the repository describes the local controller and shows recordings.,"Public documentation and media, with runnable mod/companion source still pending. An earlier trained readout reportedly performed worse than direct control.",Design documentation and demonstration reference; not currently a complete runnable starting point.
17,Games and control experiments,Flyfear,furkancak1r/flyfear,https://github.com/furkancak1r/flyfear,MaleCNS; fixed whole retained brain,A horror game where a neural fly influences movement and scare events while the human finds an exit.,Godot environment plus neural sensory/motor interfaces. A separate reward-updated event-selection layer is pretrained on synthetic players and can adapt from player telemetry.,Adaptive game-direction experiment. Training the scare-event selector does not demonstrate biological fear or learning within the fixed brain.,A way to use neural state as part of an adaptive human-facing game.
18,Games and control experiments,FLYT3 / FLYC4,seanphan/flyt3,https://github.com/seanphan/flyt3,MaleCNS; fixed graph plus two alternative learning mechanisms,"Tic-tac-toe opponents, with additional aerial-fire and satellite-damage image classifiers.",The main game trains a descending/motor readout using self-play REINFORCE; the model card also describes a KC-to-MBON dopamine-plasticity variant. Image tasks train small decoders over fixed circuit features.,"Model card reports 62% and 74% wins versus random for the two game variants. Satellite validation accuracy is 60.8%, versus 85.7% for a pixel MLP. Despite the README title, the documented environment is nine-cell tic-tac-toe. These are author-reported results.",Multiple learning formulations and a useful conventional image-classifier comparison.
19,Games and control experiments,Fly Swing,JHC56/fly-swing,https://github.com/JHC56/fly-swing,"MaleCNS; escape subcircuit for control, whole CNS for separate visualization",A fly swings on Spider-Man-like webs through a MuJoCo obstacle course.,Looming drives a measured giant-fiber circuit. An external nearest-neighbor memory chooses among web directions and can act before the reflex triggers.,"The limitations section clarifies that the whole-CNS simulation only observes and is rendered offline. The controlling circuit is small; the memory and web are invented, and the physical body is a capsule.",Hybrid reflex-plus-memory control and an example of checking what a whole-brain visualization actually controls.
20,Games and control experiments,Fly Blackjack / flybrain-starter,WilliamJones/fly-blackjack,https://github.com/WilliamJones/fly-blackjack,MaleCNS; small motor circuit and extracted mushroom-body circuit,"A progression from Dino and body control to odor conditioning, learned navigation and a shared blackjack table.","Blackjack situations/actions are encoded like odors; mushroom-body outputs vote on hit/stand/double. Modeled dopamine updates KC-to-MBON synapses, and the table persists the learned state.","After 30,000 hands the reported negative score improves and basic-strategy agreement reaches 52%, mainly by avoiding busts. Poker failed. Odor-conditioning controls support a role for the implemented plasticity, but shuffled KC-to-MBON wiring learns similarly.","A compact associative-learning model, useful ablations and a persistent public interaction loop."
21,Games and control experiments,Fly-NAF,ArtyMend07/Fly-NAF,https://github.com/ArtyMend07/Fly-NAF,FlyWire v783; whole-brain LIF via Eon code,Make a fly model operate Five Nights at Freddy's.,"Screen changes drive modeled sensory inputs; escape and other neural readouts trigger doors, looking and monitoring. Accumulators, global gain and a 30-second look safeguard are engineered.","Untrained controller, with a reported best run reaching 4 AM on night two. Safeguards and preprocessing contribute to performance; no learned game strategy is claimed.",Screen-capture-to-neuron and neuron-to-desktop-action adapters.
22,"Models, simulation engines and research",Eon fly-brain,eonsystemspbc/fly-brain,https://github.com/eonsystemspbc/fly-brain,FlyWire; v783 and legacy v630 support,Make the Shiu whole-brain model run across several simulation backends.,"Implements activation, silencing and spike recording with Brian2 and accelerated alternatives including PyTorch, CUDA-oriented paths, NEST and GeNN.","Simulation engine and backend comparison, not an embodied animal or autonomous game policy. Numerical agreement and biological validity are separate questions.",A shared engine underlying several listed applications; reference implementations and benchmark machinery.
23,Desktop pets and interactive worlds,Desktop Fly,DenisSergeevitch/desktop-fly,https://github.com/DenisSergeevitch/desktop-fly,FlyWire; 668-cell circuit plus a MaleCNS brain-to-leg extension,"A desktop pet reacting to cursor motion, windows, heat and time of day.",Selected neural circuits drive authored body/leg dynamics. Uses a much larger soma atlas for display; a later MaleCNS extension adds brain-to-leg connections through a modeled cross-dataset interface.,"Small-circuit interactive model, not all atlas neurons being simulated. The Windows port has additional native verification still pending.","Desktop embodiment, sensor adapters, articulated movement and interactive stimulation."
24,Desktop pets and interactive worlds,Gnat,lubabs770/gnat,https://github.com/lubabs770/gnat,FlyWire; 668-cell Desktop Fly circuit,Port the desktop pet to Linux Hyprland/Wayland in Rust.,"Cursor, window, temperature and clock signals feed the neural model; procedural gait and body-state logic render the response.","A platform port and extension, not an independent reconstruction. Its body code includes explicit behavior states despite stronger wording elsewhere in the README.","Linux overlay integration, efficient small-circuit runtime and multi-fly interaction."
25,Desktop pets and interactive worlds,Desktop Fly Linux,somsom10/desktop-fly-linux,https://github.com/somsom10/desktop-fly-linux,FlyWire; 668-cell Desktop Fly circuit,"Provide a Python/GTK desktop fly for GNOME, X11 and Wayland, with sugar placement.",Ports the original neural circuit and anatomical display; adds odor/feeding interactions through modeled encoders and procedural body control.,Small-circuit port. Desktop sensing is limited under some Wayland/XWayland configurations; a large brain visualization does not mean a full-brain simulation.,Accessible Python desktop implementation and interactive food stimuli.
26,Desktop pets and interactive worlds,snedea/flybrain,snedea/flybrain,https://github.com/snedea/flybrain,FlyWire; large filtered graph,"A browser fly playground with food, touch, wind, light and temperature controls.","LIF simulation in a Web Worker, connected to a rendered world and neuron-activity viewer; derived from an earlier worm-simulation project.",Interactive prototype. The README does not provide an independent behavioral benchmark supporting its emergence claims.,Whole-brain-scale browser UI and multimodal stimulus controls.
27,Desktop pets and interactive worlds,FlyWire Neuro,pusulamkendim/flywire-neuro,https://github.com/pusulamkendim/flywire-neuro,FlyWire; whole-brain LIF,A local embodied fly laboratory with interactive sensory stimulation and recording.,"Neural readouts select or modulate Flybody-derived motion clips/cached poses, with a browser world and compressed neural logs.",Only partly closed-loop; automatic contact and continuous sensory feedback remain under development. Display frame rate should not be confused with neural simulated-time speed.,"Stimulus panels, run recording and a practical bridge from neural activity to body motion."
28,Desktop pets and interactive worlds,Closed Loop Fly,ZeroXClem/closed-loop-fly,https://github.com/ZeroXClem/closed-loop-fly,MaleCNS; WebGPU LIF plus a separate visual model,"Connect compound-eye vision, a large neural simulation and an airborne fly body.",An upstream optic-lobe model feeds the MaleCNS graph; selected neural rates steer an engineered flight model. Walking-related DNa02 activity is used as a flight-steering proxy.,"Follow-up analysis retracts an apparent visual/haltere benefit because it came from a decoder artifact. Correcting the artifact leaves substantial drift, so stable biologically grounded flight is not established.",Closed-loop browser plumbing and a valuable example of diagnosing misleading ablation results.
29,Desktop pets and interactive worlds,Flyverse,tel-0s/flyverse-core,https://github.com/tel-0s/flyverse-core,"MaleCNS, FlyWire FAFB and BANC through one API",A reusable neural controller and instrumented room for testing sensorimotor behavior.,"LIF model, modeled senses and named motor readouts; separates its default physiological assumptions from opt-in instruments, synthetic additions and training hooks.","Reports several reflex and direction-selectivity checks, but also persistent failures in goal-directed turning, small-object responses, compass dynamics and directed food search. The default configuration already contains physiological approximations.","Control API, cross-connectome experiments, explicit assumptions and detailed deficit/assay ledgers."
30,Desktop pets and interactive worlds,NeuroTerrarium,5p00kyy/neuroterrarium,https://github.com/5p00kyy/neuroterrarium,48-cell synthetic fixture; separate 51-body MaleCNS microcircuit,Build an inspectable terrarium and reproducible circuit-comparison instrument.,"The synthetic network drives the body. A separate measured giant-fiber input circuit supports pulse tests, matched rewiring, lesions and replay, but never controls the body.",The biological circuit and rewired controls tie on the default pulse test. Synthetic readout benchmarks also show no topology advantage; removing recurrence can improve the tested task.,"Provenance-conscious experimental UI, controlled comparisons and clear separation of synthetic and biological data."
31,Desktop pets and interactive worlds,FLYBOARD,NullLabTests/flybrain,https://github.com/NullLabTests/flybrain,MaleCNS; whole retained graph,"An arcade panel for stimulating taste, nociception, courtship-related and dopamine populations.",Buttons inject current into named cells; CPU leaky-integrator dynamics produce activity displayed on the brain.,"A neural stimulus visualizer with deliberately simplified dynamics. Button labels do not establish pleasure, pain experience or biological death, and there is no demonstrated learning task.",Simple population-targeted stimulation and a clear live activity display.
32,Desktop pets and interactive worlds,Infinite Sugar,cnqso/infinite-sugar,https://github.com/cnqso/infinite-sugar,FlyWire; whole-brain simulation,An interactive art terrarium with continuous stimulation of sweet-sensing neurons.,"Neural activity modulates feeding, head and antennal motion; wing and foot motion also use supplied patterns.","Art/embodiment demonstration, not evidence of pleasure or autonomous learning. The README explicitly distinguishes activity-driven motion from patterned animation.",A focused stimulus-to-body experience and anatomy/activity visualization.
33,"Language, art and other experiments",Fly Language Model (FLM),nftechie/flm,https://github.com/nftechie/flm,MaleCNS; fixed whole-graph numerical reservoir,Use connectome activity as an adapter to a pretrained language model.,"Token embeddings drive a fixed graph; a trained 278,528-parameter readout changes the next-token scores of a frozen LFM2.5 language model. These graph states are not simulated action potentials.",Language competence comes from the pretrained model. The separately documented study found the matched direct-input adapter slightly better; no advantage from fly topology is established. A trained conversational adapter is not bundled.,An explicit test of connectome features inside an otherwise conventional ML system.
34,"Language, art and other experiments",Chat with a Fruit Fly Brain,lixiang1076/fly-brain,https://github.com/lixiang1076/fly-brain,FlyWire v783; whole-brain LIF,"Expose neural stimulation through conversational commands such as taste, walk and escape.","A language/command interface maps requests to neuron populations, runs the model and translates output rates into behavioral descriptions. Additional scripts implement modeled mushroom-body plasticity.",The conversation is an interface around a simulator. Text responses and programmed stimulus mappings do not demonstrate language understanding by the neural circuit; biological learning claims require separate validation.,"Human-readable stimulation commands, neuron atlas and accessible model interaction."
35,"Language, art and other experiments",Fly / Wirehead,mattyhempstead/fly-wirehead,https://github.com/mattyhempstead/fly-wirehead,MaleCNS; whole retained graph,Show a simulated fly watching an endless feed of short videos.,"Video pixels stimulate the network; motor readouts animate a body. Video playback also injects artificial current into PAM11 dopamine cells, with an experimental plasticity rule.","The feed advances on a timer: the fly does not choose videos. Displayed dopamine-cell firing is not dopamine concentration, and preference or addiction has not been established.","Video-to-neural streaming, state persistence and an audiovisual installation."
36,"Language, art and other experiments",FlyScroll / Fruitfly Doomscroller,ranagwho/Fruitfly-Doomscroller,https://github.com/ranagwho/Fruitfly-Doomscroller,MaleCNS; approximately 70k visual crop or full retained graph,Make neural state decide when to scroll to another short video.,Frames drive modeled photoreceptors. An engineered novelty/interest signal and depression of KC-to-novelty-MBON synapses cause scrolling after habituation or a timeout.,"Unlike a timed feed, the proposed action depends on content-sensitive state. The novelty mapping and plasticity are project assumptions, with no demonstrated biological preference or addiction.",Content-dependent media control and a comparison point for the timer-driven Wirehead installation.
37,"Language, art and other experiments",Stonkfly,nftechie/stonkfly,https://github.com/nftechie/stonkfly,MaleCNS; whole retained graph,Use a fly circuit to propose cryptocurrency buy/sell/hold actions.,Price charts stimulate modeled eyes; fixed neural readouts propose orders through Coinbase integration. Portfolio outcomes become artificial reinforcement for selected mushroom-body synapses.,"Paper trading is the default; live integration requires credentials and opt-in. Profitable learning has not been demonstrated. Trading integration is an engineering result, not evidence of financial predictive ability.","An external-action adapter with logged observations, neural state and candidate plasticity."
38,"Language, art and other experiments",OpenFly,marketcalls/openfly,https://github.com/marketcalls/openfly,MaleCNS; whole retained graph,Test connectome features for timing an intraday NIFTY options strategy.,Charts enter the neural model; a fitted readout estimates future movement relative to option pricing. An alternative arm updates selected KC-to-MBON connections through engineered dopamine rewards.,"Reports paper-mode integration, not a profitable edge. Its evaluation protocol requires comparison with fixed-entry, random-entry, shuffled-label and no-trade controls on an untuned period.",A task-specific prediction/readout experiment with explicit financial baselines.
39,"Language, art and other experiments",Fly Lab,Apolotary/fly-lab,https://github.com/Apolotary/fly-lab,Small measured fly motor circuit,Use one or twelve simulated flies to influence Ableton music.,The Dark mode learns 70 weights selecting among ten authored musical gestures from neural activity. Other modes map collisions or collective movement to notes and sound parameters.,"Reports improvement on its authored preference heuristic, not independent musical-quality evaluation. Harmony, rhythm and gestures are supplied; the fly does not listen to audio or learn composition.","Small-circuit sonification, human feedback and a local MIDI/Ableton bridge."
40,"Language, art and other experiments",Faiku / Haiku,xyzzyapps/faiku,https://github.com/xyzzyapps/faiku,MaleCNS whole graph; optional eight-channel synthetic mushroom-body fallback,Train fly-inspired control of letter/kana ink trails and generate short poems.,Glyph cues are encoded as odor-like channels; ink rewards update selected KC-to-MBON synapses and a motor map. Word generation uses a supplied vocabulary/readout.,"Reports weight changes, but that does not establish handwriting competence or open-ended language generation. The fallback is an invented eight-channel controller, not a measured connectome.",A creative output interface and a small plasticity experiment with clearly different full-graph and synthetic modes.
41,"Language, art and other experiments",Fruitless,nicodunks/fruitless,https://github.com/nicodunks/fruitless,"MaleCNS; whole-brain simulation, recorded activity in browser",Test whether blocking mAL output changes courtship-related responses to male-associated input.,"Paired intact/blocked simulations keep input and other parameters fixed, measuring a small set of P1-related candidate neurons across seeds and inhibitory settings.","Reports increased responses to male cues, while female-cue responses remain stronger. It does not demonstrate male preference or a gene edit. The displayed flight/mounting is illustrative choreography over recorded spikes.",A bounded mechanistic perturbation study with explicit readout and visual limits.
42,"Language, art and other experiments",Fly Odor ON/OFF,yukincom/fly-odor-onoff,https://github.com/yukincom/fly-odor-onoff,MaleCNS-derived model from Fly Brain Minecraft,Investigate why olfactory neurons keep firing after an odor disappears.,"Blocks selected recurrent inputs only during stimulus-off intervals and compares onset, offset and re-stimulation, including four DM1/VA2 projection neurons.","Across eight paired configurations, the targeted intervention silences those four cells after offset while preserving stimulus responses. This is a model-specific result, not a repair of all olfaction or a biological experiment.","Focused debugging experiment with fixed cohorts, protocols, result files and reproducibility hashes."
43,"Language, art and other experiments",Fruit Fly Fashion,jtc268/fruit-fly-fashion,https://github.com/jtc268/fruit-fly-fashion,MaleCNS; DOOMFLY simulation for offline design runs,Use neural responses to transform print designs for a six-shirt collection.,"Seed images drive the graph; spike vectors control geometric changes such as rotation, placement and scale while the original palette stays fixed. A browser painting tool uses derived material.","A connectome-mediated art workflow with manifests and recordings. The browser tool does not rerun the full graph, and source compositions and design mappings are authored.",Traceable neural input/output for generative design and a finished product presentation.
44,"Language, art and other experiments",Mindmeld with Fly,Decentricity/mindmeld-with-fly,https://github.com/Decentricity/mindmeld-with-fly,MaleCNS; sparse numerical reservoir,Feed live human EEG band powers into a fly-shaped network and visualize its response.,Muse EEG delta-through-gamma features pass through a fixed seeded input projection into the reservoir; the UI compares human input bands with spectra of the computed activity.,"Human-to-model signal coupling, not mind transfer or insect EEG. Reservoir dynamics and its frequency bands are numerical constructs.","Live physiological-signal input, terminal visualization and paired signal logging."
45,"Language, art and other experiments",Boltzmann Fly,jniimi/boltzmann-fly,https://github.com/jniimi/boltzmann-fly,MaleCNS; mushroom-body connectivity mask,Test a connectome-shaped energy-based world model on simulated consumer behavior and interventions.,"Symmetrizes the measured connection pattern into a Boltzmann-machine mask and learns connection magnitudes. Evaluates prediction, consistency and counterfactual parameter recovery.","One-seed study: prediction roughly matches the dense model, but one counterfactual parameter is worse and the consistency test fails its expected direction. Some rewired controls do better. This is not an emulated fly brain.","A clear example of topology as an ML architectural constraint, with meaningful negative controls."
46,"Models, simulation engines and research",Shiu Drosophila Brain Model,philshiu/Drosophila_brain_model,https://github.com/philshiu/Drosophila_brain_model,FlyWire v630 by default; v783 configuration supplied,Reference code for connectome-based predictions of sensorimotor neural responses.,Brian2 LIF neurons propagate activation through measured connectivity; users stimulate or silence named neurons and inspect spike times/rates. Includes paper/example notebooks.,"Scientific reference implementation underlying many later demos. It models a selected level of neural physiology and does not provide a full body, sensory world or general learning system.","The reference equations, intervention experiments and numerical baseline for downstream simulators."
47,"Models, simulation engines and research",Flybody,TuragaLab/flybody,https://github.com/TuragaLab/flybody,Anatomically detailed body; no connectome required,"A MuJoCo fly body and environments for walking, flying and vision-guided control.","Provides mechanics, actuators, imitation environments and reinforcement-learning training infrastructure; control policies can be learned without a reconstructed neural graph.",Published biomechanical/learning platform. Its trained body policies should not be mistaken for behavior obtained from a connectome alone.,"A realistic body, action space, environment examples and locomotion-training tools."
48,"Models, simulation engines and research",FlyGym / NeuroMechFly,NeLy-EPFL/flygym,https://github.com/NeLy-EPFL/flygym,"Biomechanical model, simulated senses and controller interfaces","An embodied sensorimotor research environment with vision, olfaction, contact and locomotion.","Combines a micro-CT-derived body, physics, compound-eye sampling, odor sensing and modular control. Users supply or connect neural controllers.","Published platform; the current 2.x API is a major rewrite, so older examples may need migration. It is not itself the new MaleCNS whole-brain model.","Body/environment physics, sensory interfaces and locomotion components for genuine feedback loops."
49,"Models, simulation engines and research",Flyvis,TuragaLab/flyvis,https://github.com/TuragaLab/flyvis,Connectome-constrained fly visual system,Predict visual-neuron responses and investigate motion computation.,PyTorch mechanistic networks are constrained by measured connectivity and optimized on visual tasks such as optic flow; pretrained models and analysis notebooks are supplied.,"Official implementation of a published study comparing predicted activity and tuning with visual-system findings. Its evidence concerns a visual subsystem, not an entire behaviorally complete fly.",Trained visual front ends and a stronger template for relating task optimization to biological measurements.
50,"Models, simulation engines and research",Train Your Fly,eudald-seeslab/train-your-fly,https://github.com/eudald-seeslab/train-your-fly,FlyWire v783; compound-eye mapping and whole-graph message passing,Package a connectome-constrained model for visual classification.,"Keeps topology fixed while training synaptic gains, optionally thresholds, and a Kenyon-cell linear readout. Uses a few tanh message-passing steps; neurons do not retain state between steps.","A trainable graph ML library, not a spiking brain emulation. The study experiments and randomized-network controls are in the separate companion repository.",Reusable training/configuration interfaces and a measured retina-to-graph input mapping.
51,"Models, simulation engines and research",Connectome visual-computation study,eudald-seeslab/connectome,https://github.com/eudald-seeslab/connectome,FlyWire v783; companion to Train Your Fly,"Study color, shape and numerical discrimination under biological wiring constraints.","Trains the graph model and compares four rewiring ensembles with different constraints on degree, wiring amount and connection lengths.","The authors report an advantage when spatial wiring constraints are matched; less spatially constrained randomized networks can score better. This is a conditional efficiency finding, not a universal advantage for biological topology.","Experimental randomizers, task data pipelines, activity/manifold inspection and figure reproduction."
52,"Models, simulation engines and research",WebGPU Fly,abgnydn/webgpu-fly,https://github.com/abgnydn/webgpu-fly,FlyWire brain plus separate MANC nerve-cord dataset; Flybody,"Run a browser experiment from neural stimulation through a body, with replayable actions.",WebGPU LIF outputs modulate a hand-written tripod gait; default kinematic assistance also writes body velocity. A modeled cross-dataset brain-to-cord bridge joins the two connectomes.,"Useful browser integration, but the README reports slower-than-real-time neural simulation and limited calibration. The body behavior is materially assisted; this is not one intact measured brain-to-cord specimen.","Client-side GPU runtime, MuJoCo/WASM integration and reproducible action replays."
53,"Models, simulation engines and research",NeuroFly,seven-monarchs/NeuroFly,https://github.com/seven-monarchs/NeuroFly,FlyWire v783 LIF plus NeuroMechFly body; separate visual components,"Combine a continuous brain simulation, physical walking and sensory feedback.","Brian2 runs the graph while a locomotor controller moves the body. The documented steering formula is dominated by explicit odor-gradient guidance, with a smaller descending-neuron bias.",Closed-loop engineering prototype. Navigation is not wholly produced by the connectome; a modeled pattern generator replaces missing VNC motor circuitry. Recordings and analysis plots are provided.,"Brain/body synchronization, feedback recording and a concrete integration example."
54,"Models, simulation engines and research",Fruit Fly Laboratory,vaibhavkedarisetti/fruit-fly-lab,https://github.com/vaibhavkedarisetti/fruit-fly-lab,FlyWire v783; whole-brain Shiu-style LIF,"An interactive laboratory for looming escape, feeding and neural lesions.",A modeled looming encoder directly stimulates LC4/LPLC2; activity reaches the giant fiber through measured wiring. A kinematic body and circuit inspector display the outcome.,"Reports that cutting both visual pathways removes the modeled escape-neuron response. It does not simulate the entire retina-to-muscle chain: photoreceptor vision is disabled, and VNC/body mechanics and several physiological mechanisms are absent.","Well-bounded circuit interventions, replay and explicit model-component attribution."
55,"Models, simulation engines and research",CHIMERA,caparison1234/chimera,https://github.com/caparison1234/chimera,"Larval fly connectome; README describes a 1,373-cell model",A multilingual text-controlled digital creature with a MuJoCo body.,Qwen or a rule-based fallback turns language into sensory channels; a larval LIF network produces signals mapped onto body actions and descriptive text.,"Uses an older larval dataset, not the new adult MaleCNS release. Language interpretation is external. Connectome data are fetched separately, and no comparative behavioral validation is established by the README.",Natural-language stimulus translation and a lightweight neural-to-physical-creature interface.
56,"Models, simulation engines and research",Connectome OS,ruvnet/Connectome-OS,https://github.com/ruvnet/Connectome-OS,Synthetic fly-like graphs and a filtered FlyWire graph,"A debugger for inspecting, perturbing and measuring simulated neural networks.","Rust event-driven LIF plus graph partitioning, activity observation and structural interventions. The named repository is a documentation front door; runtime code is on a linked RuVector research branch.",Alpha demonstrator. Whole-body integration and larger-scale architecture remain planned; the full-graph coherence calculation has documented performance limits. The external source branch is public.,"Runtime introspection, perturbation infrastructure and explicit performance/architecture notes."
57,"Models, simulation engines and research",FastFly,eonfathom/FastFly,https://github.com/eonfathom/FastFly,FlyWire v783,Accelerate large fly LIF simulations on NVIDIA GPUs.,"CUDA/CuPy implementations use sparse connections, reduced-precision weights and spike-driven propagation, with a web activity viewer.",Performance-oriented simulator targeting real-time operation. Citing an LIF paper does not independently validate this implementation; no task-learning result is documented in the README.,"GPU kernels, data conversion and real-time activity streaming infrastructure."
58,"Models, simulation engines and research",MaleCNS Apple MPS Model,seohyunjun/mps-malecns-model,https://github.com/seohyunjun/mps-malecns-model,MaleCNS; PyTorch MPS LIF,Run a fly graph on Apple Silicon and train a simple grid-navigation readout.,The fixed model precomputes features for 25 positions; A2C trains an actor/critic over those cached features. Neural state resets per observation.,"Reports 24/24 starts reaching one fixed goal after training, versus 8.3% before. This is a small fixed-grid check, without temporal neural memory, unseen-goal generalization or biological learning.","Apple GPU data preparation, activity reports and an inexpensive decoder-learning example."
59,"Models, simulation engines and research",Drosophila Brain MLX,Kisame76/drosophila-brain-mlx,https://github.com/Kisame76/drosophila-brain-mlx,FlyWire reference model; additional MaleCNS packs,Speed up the Shiu model on Apple Silicon while checking numerical agreement.,"MLX/Metal implementations of fixed LIF dynamics, with multiple execution paths, a float64 reference and Brian2 comparisons; nothing is trained.","Reports approximately 0.29 wall seconds per biological second for a specified v630 workload on M4 Pro, versus 2.07 for Brian2. Documents floating-point spike-timing differences and shows sugar-response sensitivity to rewiring.","A carefully scoped acceleration study with reference checks, benchmark caveats and biological-circuit controls."
60,"Models, simulation engines and research",AxonWeave,dhakalnirajan/axonweave,https://github.com/dhakalnirajan/axonweave,MaleCNS; configurable sparse graph layer,"Make measured wiring usable inside ordinary PyTorch, Keras and NumPy models.","Provisioning, explicit sign policies and optional trainable edge parameters preserve topology while allowing surrounding learned layers. Includes Rust extension boundaries.","Library foundation. Detailed neuron/receptor dynamics, delays, plasticity and certified accelerator benchmarks remain roadmap items; it is not a completed biological simulator.","Reusable substrate packaging, framework adapters and model/provenance metadata."
61,"Models, simulation engines and research",Emergent Individuality fly-brain,erojasoficial-byte/fly-brain,https://github.com/erojasoficial-byte/fly-brain,FlyWire v783; embodied LIF with Hebbian updates,Study whether two initially similar neural flies develop different activity and behavior over experience.,"Combines neural plasticity, modeled senses, NeuroMechFly and an authored body-state controller. Computes custom integration/complexity proxies and includes run records and a preprint.","Reports divergent weights and behavior. Source inspection shows explicit behavior thresholds and direct sensory contributions, so whole behavior cannot be assigned solely to wiring. Its custom composite index is not evidence of consciousness.","Longitudinal paired simulations, persistent plasticity and recorded-data analysis."
62,"Models, simulation engines and research",ConnectomeLens / Wired Different,dhruvin-sarkar/ConnectomeLens,https://github.com/dhruvin-sarkar/ConnectomeLens,MaleCNS; graph and anatomical features at cell-type resolution,Ask whether male wiring features identify cell types annotated as sex-related.,"A classifier uses connectivity, neuropil and transmitter features; comparisons include 500 randomized wirings, feature ablations and lineage-grouped validation.","Reports AUC-PR 0.759 versus 0.041 prevalence, but neuropil location alone reaches 0.722. A planned named-cell ranking check fails; proposed candidates need independent anatomical confirmation. Independent, not peer reviewed.","A substantive graph-analysis project with strong controls, interpretable results and an interactive atlas."
63,Datasets and annotations,Male CNS release website,janelia-flyem/male-cns,https://github.com/janelia-flyem/male-cns,Official MaleCNS release resources,Build the release website and neuron-type comparison pages.,"MkDocs/Jinja pipeline combines metadata, images, network summaries and links to anatomical viewers.","Official resource/site source, not a simulation engine. Rebuilding all generated data can require backend credentials even though the public website is readable.","Release documentation, dataset navigation and examples of presenting anatomical comparisons."
64,Datasets and annotations,Male CNS Cell Type Explorer,reiserlab/celltype-explorer-drosophila-male-cns,https://github.com/reiserlab/celltype-explorer-drosophila-male-cns,"MaleCNS v1.0; 11,751 annotated cell types","A searchable catalog of neuron types, anatomy and connectivity.","Filters by type, side, region, neurotransmitter and dimorphism; type pages expose connectivity, region innervation and Neuroglancer views.",Data exploration site. It helps choose relevant cells but makes no executable behavioral-model claim.,"Find and inspect candidate sensory, interneuron and motor populations before modeling."
65,Datasets and annotations,2025malecns supplemental data,flyconnectome/2025malecns,https://github.com/flyconnectome/2025malecns,MaleCNS and aligned FlyWire comparisons,Distribute derived data and analyses accompanying the MaleCNS research.,"Includes neuron/connection counting, sensory-to-motor flow, graph traversal layers, optic-column assignments and male/female mappings.","Official study supplements rather than a brain emulator. The repository name reflects earlier research chronology, not a different game model.",Prepared biological annotations and pathways for choosing and interpreting circuits.
66,Datasets and annotations,Male visual-system connectome analysis,reiserlab/male-drosophila-visual-system-connectome-code,https://github.com/reiserlab/male-drosophila-visual-system-connectome-code,Male optic-lobe dataset,Reproduce analyses and figures for the male fly visual-system connectome.,"Python notebooks/scripts, workflow configuration, cached results and neuPrint queries characterize visual neurons and their connections.",Scientific analysis code for a visual subsystem; not a trained general-purpose vision controller.,"Examples of extracting visual anatomy, connectivity and reproducible figures."
67,Datasets and annotations,BANC Project,htem/BANC-project,https://github.com/htem/BANC-project,Female brain-and-nerve-cord connectome,Provide the research code and data products for the unified female CNS study.,"R/Python analyses cover distributed control, brain/cord pathways, annotations and paper figures.","A distinct specimen and dataset from both MaleCNS and the earlier brain-only FlyWire reconstruction. Published anatomical research, not a turnkey behavioral simulation.",Female whole-CNS comparisons and analyses of control spanning brain and nerve cord.
68,Datasets and annotations,FlyWire Annotations,flyconnectome/flywire_annotations,https://github.com/flyconnectome/flywire_annotations,FlyWire FAFB v783,Maintain systematic cell annotations and cross-connectome cell typing.,"Versioned tables, skeleton-related data, connectivity resources and code connect neuron IDs to cell types and metadata.",Annotations evolve after publication; releases should be pinned. The repository warns that its systematic annotations can differ from other annotation mixtures shown in Codex.,"Reliable neuron identities and labels for selecting inputs, outputs and comparison populations."
69,Datasets and annotations,Drosophila Neurotransmitters,flyconnectome/drosophila_neurotransmitters,https://github.com/flyconnectome/drosophila_neurotransmitters,Literature-curated transmitter evidence across fly cell types,Collect experimentally supported neurotransmitter identities with citations.,Version-controlled tables and validation code link cell types to transmitter evidence and reference sources.,Identity evidence does not fully determine the sign or strength of every modeled connection; postsynaptic receptors still matter.,Ground-truth checks for assumptions that many simulations otherwise infer from predicted labels.
70,Datasets and annotations,Optic Lobe Annotations,flyconnectome/ol_annotations,https://github.com/flyconnectome/ol_annotations,Female FlyWire and male optic-lobe datasets,Align visual-system cell types between male and female reconstructions.,Matching tables and shared anatomical viewer scenes support direct comparison across different type names and datasets.,"Most matches are one-to-one, but some are more complex; mappings are versioned and can be refined.",Translate visual-cell identities when moving a circuit between connectomes.
71,Analysis and visualization tools,Codex Connectome Data Explorer,murthylab/codex,https://github.com/murthylab/codex,FlyWire connectome and annotations,A web application for searching and exploring neurons and connections.,"Flask application with imported connectome data, search/exploration interfaces and analysis views.",A neuroscience data browser; it is unrelated to the OpenAI coding product with the same name and does not simulate brain dynamics.,"Interactive neuron lookup, connectivity inspection and a model for building circuit-exploration interfaces."
72,Analysis and visualization tools,FlyBrainLab,FlyBrainLab/FlyBrainLab,https://github.com/FlyBrainLab/FlyBrainLab,Multiple fly anatomical datasets and executable circuit models,An interactive environment connecting anatomical exploration to circuit execution.,"Combines notebook interfaces, 3D visualization, circuit construction and simulation services.",A research platform whose individual circuits require modeling and validation; it does not supply a universally complete fly mind.,A mature structure-to-function workflow and an ecosystem of circuit tools.
73,Analysis and visualization tools,EOScircuits,FlyBrainLab/EOScircuits,https://github.com/FlyBrainLab/EOScircuits,Fly-inspired early olfactory circuit models,"Provide executable antenna, antennal-lobe and mushroom-body models.",Configurable modules connect odor transduction and published olfactory-circuit formulations within FlyBrainLab.,"Specialized mechanistic models, not a whole MaleCNS reconstruction. Their assumptions differ from simply applying uniform LIF neurons to an anatomical graph.",Olfactory input and circuit dynamics for projects whose smell pathways fail under simpler models.
74,Analysis and visualization tools,NAVis,navis-org/navis,https://github.com/navis-org/navis,Dataset-agnostic neuron morphology and connectivity,A general Python library for analyzing and visualizing neurons.,"Handles skeletons, meshes and other representations; supports morphology comparisons such as NBLAST, geometry transformations and connectivity-related analysis.",Foundational analysis library rather than a neural simulator or application experiment.,"Import, inspect, transform, compare and visualize biological neurons."
75,Analysis and visualization tools,fafbseg-py,navis-org/fafbseg-py,https://github.com/navis-org/fafbseg-py,FlyWire and other FAFB segmentations,"Provide Python access to segmented neurons, connectivity and annotations.","Maps positions/segments to IDs, retrieves or generates meshes and skeletons, queries connections and handles viewer links; integrates with NAVis.","Dataset access and preparation, not behavioral modeling. Authentication and version choices depend on the requested service/data.",A practical Python bridge from public fly data to an analysis pipeline.
76,Analysis and visualization tools,navis-flybrains,navis-org/navis-flybrains,https://github.com/navis-org/navis-flybrains,Fly template brains and connectome coordinate spaces,Align anatomical data from different specimens and imaging templates.,"Provides template metadata, meshes and registered transformations, with additional transform downloads.",Spatial registration does not itself establish cell identity or biological equivalence across individuals.,"Place neurons, meshes and circuit visualizations into a common coordinate system."
77,Analysis and visualization tools,Connectome Interpreter,YijieYin/connectome_interpreter,https://github.com/YijieYin/connectome_interpreter,Adult and larval connectomes,Turn connectivity into testable hypotheses about circuit function.,"Effective multi-hop connectivity, path finding, differentiable models, activation maximization, saliency and fitting to experimental responses.",An analysis/modeling toolkit with tutorials; predicted pathways and responses remain dependent on model assumptions and data quality.,"Identify candidate routes, explain signals and design stimulation/lesion experiments."
78,Analysis and visualization tools,Connectome Data Prep,YijieYin/connectome_data_prep,https://github.com/YijieYin/connectome_data_prep,"MaleCNS, BANC, FlyWire, hemibrain, nerve-cord and larval datasets",Publish processed connectivity and the code used to prepare it.,"Sparse matrices, metadata tables, normalization variants and experimental-response datasets support Connectome Interpreter and other projects.","Convenient prepared data, but normalization, axon/dendrite filtering and release version must be understood before comparing results.",Avoid repeating expensive raw-data preparation while retaining a traceable processing recipe.
79,Analysis and visualization tools,CoCoA,flyconnectome/cocoa,https://github.com/flyconnectome/cocoa,"FlyWire, hemibrain, MANC and MaleCNS",Compare cell types and connectivity across connectomes in Python.,"Dataset abstractions, matching and joint clustering organize connectivity-based comparisons.",Comparative anatomy toolkit. Dataset adapters have different availability and authentication requirements.,Match candidate circuits and cell types across reconstructions.
80,Analysis and visualization tools,Connecto,schlegelp/connecto,https://github.com/schlegelp/connecto,Multiple connectomes through neuPrint and CAVE backends,"Unify queries across datasets with incompatible IDs, schemas and conventions.","Normalizes edge-table shapes, coordinate units and side labels, while exposing backend capabilities and refusing unsupported queries.","A data-access abstraction, not a simulator; it cannot make unsupported backend features exist.",Reduce integration work when an experiment must run on more than one connectome.
81,Analysis and visualization tools,DROCAT,Swida-Alba/Drosophila-cross-dataset-connectome-analysis,https://github.com/Swida-Alba/Drosophila-cross-dataset-connectome-analysis,"neuPrint datasets, FAFB and BANC","An end-user toolkit for paths, connectivity, morphology and cross-dataset comparison.","Web UI and scripts combine type-based path finding, neurotransmitter-aware views, 3D morphology and EM-to-light-microscopy driver-line mapping.","Analysis application. Its installation/agent helper files are optional project tooling, not part of a neural-learning result.",A broad graphical environment for exploring potential circuits without assembling many libraries manually.
82,Analysis and visualization tools,BigClust 2,flyconnectome/bigclust2,https://github.com/flyconnectome/bigclust2,Morphology/connectivity embeddings; example spans several connectomes,Interactively explore large neuron clusterings and refine annotations.,"Links 2D embeddings, 3D neurons, clustering/feature tools and annotation export or backend updates.","Actively developed analysis GUI. Cluster similarity is a hypothesis about cell organization, not automatic proof of functional identity.","Find related neurons, compare candidate cell types and inspect large feature spaces."
83,Analysis and visualization tools,neuVid,connectome-neuprint/neuVid,https://github.com/connectome-neuprint/neuVid,"Anatomy from neuPrint, Neuroglancer and skeleton files",Produce research-quality animated anatomical videos.,"JSON descriptions specify neurons, regions, synapses, camera moves and visibility; scripts generate Blender scenes and renders. A natural-language helper is optional.","Anatomical animation, not neural dynamics or behavior generation.","Clear circuit explanations, fly-brain walkthroughs and presentation assets."
84,Analysis and visualization tools,malecns (R),natverse/malecns,https://github.com/natverse/malecns,MaleCNS,Expose the male CNS dataset through the natverse ecosystem.,"Convenience functions retrieve metadata, connectivity and meshes and support coordinate conversion; currently builds on related male-VNC tooling.",Experimental R data-access wrapper. Some operations require neuPrint or production-service credentials.,Native R access to MaleCNS with anatomical analysis conveniences.
85,Analysis and visualization tools,coconatfly,natverse/coconatfly,https://github.com/natverse/coconatfly,Multiple adult fly connectomes,Offer a uniform R interface for comparative and integrative connectomics.,Wraps dataset-specific access and supports connectivity comparison and clustering across datasets.,In active use but explicitly experimental; interfaces can change.,A higher-level R starting point for multi-connectome projects.
86,Analysis and visualization tools,fafbseg (R),natverse/fafbseg,https://github.com/natverse/fafbseg,FAFB/FlyWire segmentations and associated services,Access and analyze segmented electron-microscopy data from R.,"Provides lower-level FlyWire support, data-release access and integration with the natverse; underlies parts of coconatfly.",Data infrastructure. Live production access may need authentication and differs from working with fixed public releases.,R workflows needing segmentation-level or lower-level FlyWire functionality.
87,Analysis and visualization tools,neuprintr,natverse/neuprintr,https://github.com/natverse/neuprintr,Connectomes served by neuPrint,Provide an R client for the neuPrint graph database service.,"Queries neuron metadata, connectivity, synapse locations and skeletons, integrated with natverse analysis.","General service client, not a specific MaleCNS experiment.",Programmatic R extraction of neurons and synaptic graphs.
88,Analysis and visualization tools,bancr,natverse/bancr,https://github.com/natverse/bancr,Female BANC brain-and-nerve-cord connectome,"Provide R access to BANC metadata, annotations and connectivity.",Uses compiled public data for common queries and supports authenticated live-service access where needed.,Dataset interface; distinguish release-specific public tables from evolving live annotations.,Analyze female brain-to-cord pathways and compare them with MaleCNS.
89,Analysis and visualization tools,neuprint-python,connectome-neuprint/neuprint-python,https://github.com/connectome-neuprint/neuprint-python,Connectomes served by neuPrint,Provide a Python client for connectome database queries.,"Wraps neuPrint service access for extracting neuron, connection and related anatomical data into Python workflows.","Core data-access dependency used by many other entries, not an independent behavioral experiment.",Direct Python access to the graph and metadata needed for circuit extraction.
90,Analysis and visualization tools,CAVEclient,CAVEconnectome/CAVEclient,https://github.com/CAVEconnectome/CAVEclient,Versioned connectomics datasets hosted through CAVE,"Provide Python access to annotation, segmentation and materialization services.","Client interfaces handle changing segmentation identities, metadata, annotations and versioned data queries.",General connectomics infrastructure. Public materialization versions and live segmentation are different analysis targets.,Version-aware data access and reproducible queries for FlyWire/BANC-style datasets.
91,Analysis and visualization tools,FlyWire Network Analysis,murthylab/flywire-network-analysis,https://github.com/murthylab/flywire-network-analysis,FlyWire; paper analyses use v630,Reproduce whole-brain graph-statistics research.,"Python and MATLAB analyses examine degree distributions, motifs, reciprocity, paths, connectivity organization and related data products.","Structural network analysis, not a spiking simulation; some analyses have substantial memory/compute requirements.",Baselines and graph descriptors for testing whether a proposed circuit or topology result is unusual.
92,Tutorials,Fly Connectome Data Tutorial,sjcabs/fly_connectome_data_tutorial,https://github.com/sjcabs/fly_connectome_data_tutorial,Major adult fly brain and nerve-cord datasets,"Teach loading, querying, analyzing and visualizing fly connectomes.","Workshop notebooks/code in Python and R, curated inputs and guides to morphology, connectivity and viewer tools.",Educational resource. Dataset descriptions and tutorial-specific releases should be checked against current primary releases.,A coherent onboarding path for a team new to connectomics.
93,Tutorials,FlyConnectome data-access tutorials,seung-lab/FlyConnectome,https://github.com/seung-lab/FlyConnectome,FlyWire,"Teach access to electron microscopy, segmentations, meshes, annotations and connections.","Notebooks demonstrate CAVE, cloud-volume access, point lookups and rendering; linked workshop material explains the workflow.","Data-access instruction, not simulation or learning. Large imagery is normally queried in subvolumes rather than downloaded in full.",The route from neuron IDs to original anatomy and evidence.
94,Tutorials,2020 Hemibrain Examples,flyconnectome/2020hemibrain_examples,https://github.com/flyconnectome/2020hemibrain_examples,Hemibrain and selected FAFB reconstructions,Demonstrate connectome analysis in R and Python.,"Examples cover neuPrint queries, olfactory circuitry, morphology, axon/dendrite splits and network traversal.",Older educational examples; API and dataset versions may require adaptation.,Small concrete recipes for understanding and extracting biological circuits.
95,Related resource lists,Awesome Fruit Fly Connectome,watthem/awesome-fruit-fly-connectome,https://github.com/watthem/awesome-fruit-fly-connectome,Resource index spanning several fly datasets,"A second curated map of datasets, papers, tools and community experiments.","Organizes references by milestone, data access, simulation and application area.",An index rather than an executable project. Its outgoing links were not recursively expanded into this review.,Broader bibliography and cross-checking for future research.
96,Related resource lists,flyconnectome/tools,flyconnectome/tools,https://github.com/flyconnectome/tools,R/Python neuroanatomy ecosystem,Explain which analysis library serves which purpose.,"Overview of natverse, NAVis and companion packages, emphasizing morphological matching and coordinate transformations.",A tool directory rather than a new experiment; linked packages have their own documentation and scope.,"Choosing the appropriate library for anatomy, data access or cross-dataset alignment."
