panel,sheet,cell,diet_sucrose_fraction,stimulus,stimulus_mM,per_percent
1b,Fig 1,C3,0.06,sucrose,12.5,0.0
1b,Fig 1,D3,0.06,sucrose,12.5,0.0
1b,Fig 1,E3,0.06,sucrose,12.5,33.3
1b,Fig 1,F3,0.06,sucrose,12.5,0.0
1b,Fig 1,G3,0.06,sucrose,12.5,0.0
1b,Fig 1,H3,0.06,sucrose,12.5,0.0
1b,Fig 1,I3,0.06,sucrose,12.5,0.0
1b,Fig 1,J3,0.06,sucrose,12.5,0.0
1b,Fig 1,K3,0.06,sucrose,12.5,0.0
1b,Fig 1,L3,0.06,sucrose,12.5,0.0
1b,Fig 1,M3,0.06,sucrose,12.5,0.0
1b,Fig 1,N3,0.06,sucrose,12.5,0.0
1b,Fig 1,O3,0.06,sucrose,12.5,66.7
1b,Fig 1,P3,0.06,sucrose,12.5,33.3
1b,Fig 1,Q3,0.06,sucrose,12.5,0.0
1b,Fig 1,R3,0.06,sucrose,12.5,0.0
1b,Fig 1,S3,0.06,sucrose,12.5,33.3
1b,Fig 1,T3,0.06,sucrose,12.5,0.0
1b,Fig 1,U3,0.06,sucrose,12.5,0.0
1b,Fig 1,V3,0.06,sucrose,12.5,0.0
1b,Fig 1,W3,0.06,sucrose,12.5,0.0
1b,Fig 1,X3,0.06,sucrose,12.5,0.0
1b,Fig 1,Y3,0.06,sucrose,12.5,0.0
1b,Fig 1,Z3,0.06,sucrose,12.5,0.0
1b,Fig 1,AA3,0.06,sucrose,12.5,0.0
1b,Fig 1,AB3,0.06,sucrose,12.5,0.0
1b,Fig 1,AC3,0.06,sucrose,12.5,0.0
1b,Fig 1,AD3,0.06,sucrose,12.5,0.0
1b,Fig 1,AE3,0.06,sucrose,12.5,0.0
1b,Fig 1,AF3,0.06,sucrose,12.5,0.0
1b,Fig 1,AG3,0.06,sucrose,12.5,0.0
1b,Fig 1,AH3,0.06,sucrose,12.5,0.0
1b,Fig 1,AI3,0.06,sucrose,12.5,0.0
1b,Fig 1,AJ3,0.06,sucrose,12.5,0.0
1b,Fig 1,AK3,0.06,sucrose,12.5,0.0
1b,Fig 1,AL3,0.06,sucrose,12.5,33.3
1b,Fig 1,AM3,0.06,sucrose,12.5,0.0
1b,Fig 1,AN3,0.06,sucrose,12.5,0.0
1b,Fig 1,AO3,0.06,sucrose,12.5,0.0
1b,Fig 1,C4,0.06,sucrose,25.0,0.0
1b,Fig 1,D4,0.06,sucrose,25.0,0.0
1b,Fig 1,E4,0.06,sucrose,25.0,0.0
1b,Fig 1,F4,0.06,sucrose,25.0,0.0
1b,Fig 1,G4,0.06,sucrose,25.0,0.0
1b,Fig 1,H4,0.06,sucrose,25.0,0.0
1b,Fig 1,I4,0.06,sucrose,25.0,0.0
1b,Fig 1,J4,0.06,sucrose,25.0,0.0
1b,Fig 1,K4,0.06,sucrose,25.0,0.0
1b,Fig 1,L4,0.06,sucrose,25.0,0.0
1b,Fig 1,M4,0.06,sucrose,25.0,0.0
1b,Fig 1,N4,0.06,sucrose,25.0,66.7
1b,Fig 1,O4,0.06,sucrose,25.0,33.3
1b,Fig 1,P4,0.06,sucrose,25.0,0.0
1b,Fig 1,Q4,0.06,sucrose,25.0,0.0
1b,Fig 1,R4,0.06,sucrose,25.0,0.0
1b,Fig 1,S4,0.06,sucrose,25.0,0.0
1b,Fig 1,T4,0.06,sucrose,25.0,0.0
1b,Fig 1,U4,0.06,sucrose,25.0,0.0
1b,Fig 1,V4,0.06,sucrose,25.0,0.0
1b,Fig 1,W4,0.06,sucrose,25.0,0.0
1b,Fig 1,X4,0.06,sucrose,25.0,0.0
1b,Fig 1,Y4,0.06,sucrose,25.0,33.3
1b,Fig 1,Z4,0.06,sucrose,25.0,0.0
1b,Fig 1,AA4,0.06,sucrose,25.0,0.0
1b,Fig 1,AB4,0.06,sucrose,25.0,0.0
1b,Fig 1,AC4,0.06,sucrose,25.0,33.3
1b,Fig 1,AD4,0.06,sucrose,25.0,0.0
1b,Fig 1,AE4,0.06,sucrose,25.0,0.0
1b,Fig 1,AF4,0.06,sucrose,25.0,0.0
1b,Fig 1,AG4,0.06,sucrose,25.0,0.0
1b,Fig 1,AH4,0.06,sucrose,25.0,0.0
1b,Fig 1,AI4,0.06,sucrose,25.0,0.0
1b,Fig 1,AJ4,0.06,sucrose,25.0,0.0
1b,Fig 1,AK4,0.06,sucrose,25.0,0.0
1b,Fig 1,AL4,0.06,sucrose,25.0,0.0
1b,Fig 1,AM4,0.06,sucrose,25.0,0.0
1b,Fig 1,AN4,0.06,sucrose,25.0,0.0
1b,Fig 1,AO4,0.06,sucrose,25.0,0.0
1b,Fig 1,C5,0.06,sucrose,50.0,66.7
1b,Fig 1,D5,0.06,sucrose,50.0,0.0
1b,Fig 1,E5,0.06,sucrose,50.0,0.0
1b,Fig 1,F5,0.06,sucrose,50.0,0.0
1b,Fig 1,G5,0.06,sucrose,50.0,0.0
1b,Fig 1,H5,0.06,sucrose,50.0,0.0
1b,Fig 1,I5,0.06,sucrose,50.0,33.3
1b,Fig 1,J5,0.06,sucrose,50.0,33.3
1b,Fig 1,K5,0.06,sucrose,50.0,0.0
1b,Fig 1,L5,0.06,sucrose,50.0,0.0
1b,Fig 1,M5,0.06,sucrose,50.0,0.0
1b,Fig 1,N5,0.06,sucrose,50.0,33.3
1b,Fig 1,O5,0.06,sucrose,50.0,0.0
1b,Fig 1,P5,0.06,sucrose,50.0,0.0
1b,Fig 1,Q5,0.06,sucrose,50.0,0.0
1b,Fig 1,R5,0.06,sucrose,50.0,33.3
1b,Fig 1,S5,0.06,sucrose,50.0,0.0
1b,Fig 1,T5,0.06,sucrose,50.0,33.3
1b,Fig 1,U5,0.06,sucrose,50.0,0.0
1b,Fig 1,V5,0.06,sucrose,50.0,0.0
1b,Fig 1,W5,0.06,sucrose,50.0,0.0
1b,Fig 1,X5,0.06,sucrose,50.0,0.0
1b,Fig 1,Y5,0.06,sucrose,50.0,0.0
1b,Fig 1,Z5,0.06,sucrose,50.0,0.0
1b,Fig 1,AA5,0.06,sucrose,50.0,0.0
1b,Fig 1,AB5,0.06,sucrose,50.0,0.0
1b,Fig 1,AC5,0.06,sucrose,50.0,66.7
1b,Fig 1,AD5,0.06,sucrose,50.0,0.0
1b,Fig 1,AE5,0.06,sucrose,50.0,0.0
1b,Fig 1,AF5,0.06,sucrose,50.0,0.0
1b,Fig 1,AG5,0.06,sucrose,50.0,0.0
1b,Fig 1,AH5,0.06,sucrose,50.0,0.0
1b,Fig 1,AI5,0.06,sucrose,50.0,0.0
1b,Fig 1,AJ5,0.06,sucrose,50.0,33.3
1b,Fig 1,AK5,0.06,sucrose,50.0,0.0
1b,Fig 1,AL5,0.06,sucrose,50.0,0.0
1b,Fig 1,AM5,0.06,sucrose,50.0,0.0
1b,Fig 1,AN5,0.06,sucrose,50.0,0.0
1b,Fig 1,AO5,0.06,sucrose,50.0,0.0
1b,Fig 1,C6,0.06,sucrose,100.0,100.0
1b,Fig 1,D6,0.06,sucrose,100.0,0.0
1b,Fig 1,E6,0.06,sucrose,100.0,0.0
1b,Fig 1,F6,0.06,sucrose,100.0,33.3
1b,Fig 1,G6,0.06,sucrose,100.0,0.0
1b,Fig 1,H6,0.06,sucrose,100.0,0.0
1b,Fig 1,I6,0.06,sucrose,100.0,0.0
1b,Fig 1,J6,0.06,sucrose,100.0,33.3
1b,Fig 1,K6,0.06,sucrose,100.0,0.0
1b,Fig 1,L6,0.06,sucrose,100.0,66.7
1b,Fig 1,M6,0.06,sucrose,100.0,0.0
1b,Fig 1,N6,0.06,sucrose,100.0,33.3
1b,Fig 1,O6,0.06,sucrose,100.0,0.0
1b,Fig 1,P6,0.06,sucrose,100.0,0.0
1b,Fig 1,Q6,0.06,sucrose,100.0,33.3
1b,Fig 1,R6,0.06,sucrose,100.0,0.0
1b,Fig 1,S6,0.06,sucrose,100.0,100.0
1b,Fig 1,T6,0.06,sucrose,100.0,33.3
1b,Fig 1,U6,0.06,sucrose,100.0,100.0
1b,Fig 1,V6,0.06,sucrose,100.0,0.0
1b,Fig 1,W6,0.06,sucrose,100.0,0.0
1b,Fig 1,X6,0.06,sucrose,100.0,0.0
1b,Fig 1,Y6,0.06,sucrose,100.0,0.0
1b,Fig 1,Z6,0.06,sucrose,100.0,0.0
1b,Fig 1,AA6,0.06,sucrose,100.0,0.0
1b,Fig 1,AB6,0.06,sucrose,100.0,0.0
1b,Fig 1,AC6,0.06,sucrose,100.0,66.7
1b,Fig 1,AD6,0.06,sucrose,100.0,0.0
1b,Fig 1,AE6,0.06,sucrose,100.0,0.0
1b,Fig 1,AF6,0.06,sucrose,100.0,0.0
1b,Fig 1,AG6,0.06,sucrose,100.0,33.3
1b,Fig 1,AH6,0.06,sucrose,100.0,0.0
1b,Fig 1,AI6,0.06,sucrose,100.0,0.0
1b,Fig 1,AJ6,0.06,sucrose,100.0,0.0
1b,Fig 1,AK6,0.06,sucrose,100.0,0.0
1b,Fig 1,AL6,0.06,sucrose,100.0,0.0
1b,Fig 1,AM6,0.06,sucrose,100.0,0.0
1b,Fig 1,AN6,0.06,sucrose,100.0,0.0
1b,Fig 1,AO6,0.06,sucrose,100.0,0.0
1b,Fig 1,C7,0.06,sucrose,200.0,100.0
1b,Fig 1,D7,0.06,sucrose,200.0,0.0
1b,Fig 1,E7,0.06,sucrose,200.0,33.3
1b,Fig 1,F7,0.06,sucrose,200.0,66.7
1b,Fig 1,G7,0.06,sucrose,200.0,0.0
1b,Fig 1,H7,0.06,sucrose,200.0,0.0
1b,Fig 1,I7,0.06,sucrose,200.0,100.0
1b,Fig 1,J7,0.06,sucrose,200.0,0.0
1b,Fig 1,K7,0.06,sucrose,200.0,0.0
1b,Fig 1,L7,0.06,sucrose,200.0,0.0
1b,Fig 1,M7,0.06,sucrose,200.0,0.0
1b,Fig 1,N7,0.06,sucrose,200.0,100.0
1b,Fig 1,O7,0.06,sucrose,200.0,66.7
1b,Fig 1,P7,0.06,sucrose,200.0,0.0
1b,Fig 1,Q7,0.06,sucrose,200.0,0.0
1b,Fig 1,R7,0.06,sucrose,200.0,0.0
1b,Fig 1,S7,0.06,sucrose,200.0,66.7
1b,Fig 1,T7,0.06,sucrose,200.0,33.3
1b,Fig 1,U7,0.06,sucrose,200.0,66.7
1b,Fig 1,V7,0.06,sucrose,200.0,0.0
1b,Fig 1,W7,0.06,sucrose,200.0,0.0
1b,Fig 1,X7,0.06,sucrose,200.0,0.0
1b,Fig 1,Y7,0.06,sucrose,200.0,100.0
1b,Fig 1,Z7,0.06,sucrose,200.0,0.0
1b,Fig 1,AA7,0.06,sucrose,200.0,0.0
1b,Fig 1,AB7,0.06,sucrose,200.0,66.7
1b,Fig 1,AC7,0.06,sucrose,200.0,66.7
1b,Fig 1,AD7,0.06,sucrose,200.0,33.3
1b,Fig 1,AE7,0.06,sucrose,200.0,0.0
1b,Fig 1,AF7,0.06,sucrose,200.0,0.0
1b,Fig 1,AG7,0.06,sucrose,200.0,0.0
1b,Fig 1,AH7,0.06,sucrose,200.0,33.3
1b,Fig 1,AI7,0.06,sucrose,200.0,0.0
1b,Fig 1,AJ7,0.06,sucrose,200.0,0.0
1b,Fig 1,AK7,0.06,sucrose,200.0,0.0
1b,Fig 1,AL7,0.06,sucrose,200.0,0.0
1b,Fig 1,AM7,0.06,sucrose,200.0,33.3
1b,Fig 1,AN7,0.06,sucrose,200.0,100.0
1b,Fig 1,AO7,0.06,sucrose,200.0,0.0
1b,Fig 1,C8,0.06,sucrose,400.0,100.0
1b,Fig 1,D8,0.06,sucrose,400.0,0.0
1b,Fig 1,E8,0.06,sucrose,400.0,33.3
1b,Fig 1,F8,0.06,sucrose,400.0,100.0
1b,Fig 1,G8,0.06,sucrose,400.0,100.0
1b,Fig 1,H8,0.06,sucrose,400.0,0.0
1b,Fig 1,I8,0.06,sucrose,400.0,100.0
1b,Fig 1,J8,0.06,sucrose,400.0,33.3
1b,Fig 1,K8,0.06,sucrose,400.0,33.3
1b,Fig 1,L8,0.06,sucrose,400.0,66.7
1b,Fig 1,M8,0.06,sucrose,400.0,100.0
1b,Fig 1,N8,0.06,sucrose,400.0,100.0
1b,Fig 1,O8,0.06,sucrose,400.0,66.7
1b,Fig 1,P8,0.06,sucrose,400.0,0.0
1b,Fig 1,Q8,0.06,sucrose,400.0,0.0
1b,Fig 1,R8,0.06,sucrose,400.0,66.7
1b,Fig 1,S8,0.06,sucrose,400.0,66.7
1b,Fig 1,T8,0.06,sucrose,400.0,100.0
1b,Fig 1,U8,0.06,sucrose,400.0,100.0
1b,Fig 1,V8,0.06,sucrose,400.0,33.3
1b,Fig 1,W8,0.06,sucrose,400.0,0.0
1b,Fig 1,X8,0.06,sucrose,400.0,0.0
1b,Fig 1,Y8,0.06,sucrose,400.0,100.0
1b,Fig 1,Z8,0.06,sucrose,400.0,0.0
1b,Fig 1,AA8,0.06,sucrose,400.0,33.3
1b,Fig 1,AB8,0.06,sucrose,400.0,0.0
1b,Fig 1,AC8,0.06,sucrose,400.0,100.0
1b,Fig 1,AD8,0.06,sucrose,400.0,66.7
1b,Fig 1,AE8,0.06,sucrose,400.0,0.0
1b,Fig 1,AF8,0.06,sucrose,400.0,33.3
1b,Fig 1,AG8,0.06,sucrose,400.0,100.0
1b,Fig 1,AH8,0.06,sucrose,400.0,33.3
1b,Fig 1,AI8,0.06,sucrose,400.0,0.0
1b,Fig 1,AJ8,0.06,sucrose,400.0,0.0
1b,Fig 1,AK8,0.06,sucrose,400.0,66.7
1b,Fig 1,AL8,0.06,sucrose,400.0,100.0
1b,Fig 1,AM8,0.06,sucrose,400.0,0.0
1b,Fig 1,AN8,0.06,sucrose,400.0,66.7
1b,Fig 1,AO8,0.06,sucrose,400.0,33.3
1b,Fig 1,C9,0.06,sucrose,800.0,100.0
1b,Fig 1,D9,0.06,sucrose,800.0,0.0
1b,Fig 1,E9,0.06,sucrose,800.0,100.0
1b,Fig 1,F9,0.06,sucrose,800.0,100.0
1b,Fig 1,G9,0.06,sucrose,800.0,100.0
1b,Fig 1,H9,0.06,sucrose,800.0,0.0
1b,Fig 1,I9,0.06,sucrose,800.0,100.0
1b,Fig 1,J9,0.06,sucrose,800.0,66.7
1b,Fig 1,K9,0.06,sucrose,800.0,33.3
1b,Fig 1,L9,0.06,sucrose,800.0,66.7
1b,Fig 1,M9,0.06,sucrose,800.0,100.0
1b,Fig 1,N9,0.06,sucrose,800.0,100.0
1b,Fig 1,O9,0.06,sucrose,800.0,100.0
1b,Fig 1,P9,0.06,sucrose,800.0,0.0
1b,Fig 1,Q9,0.06,sucrose,800.0,0.0
1b,Fig 1,R9,0.06,sucrose,800.0,0.0
1b,Fig 1,S9,0.06,sucrose,800.0,100.0
1b,Fig 1,T9,0.06,sucrose,800.0,100.0
1b,Fig 1,U9,0.06,sucrose,800.0,100.0
1b,Fig 1,V9,0.06,sucrose,800.0,33.3
1b,Fig 1,W9,0.06,sucrose,800.0,66.7
1b,Fig 1,X9,0.06,sucrose,800.0,0.0
1b,Fig 1,Y9,0.06,sucrose,800.0,100.0
1b,Fig 1,Z9,0.06,sucrose,800.0,66.7
1b,Fig 1,AA9,0.06,sucrose,800.0,33.3
1b,Fig 1,AB9,0.06,sucrose,800.0,0.0
1b,Fig 1,AC9,0.06,sucrose,800.0,66.7
1b,Fig 1,AD9,0.06,sucrose,800.0,33.3
1b,Fig 1,AE9,0.06,sucrose,800.0,0.0
1b,Fig 1,AF9,0.06,sucrose,800.0,33.3
1b,Fig 1,AG9,0.06,sucrose,800.0,100.0
1b,Fig 1,AH9,0.06,sucrose,800.0,33.3
1b,Fig 1,AI9,0.06,sucrose,800.0,0.0
1b,Fig 1,AJ9,0.06,sucrose,800.0,0.0
1b,Fig 1,AK9,0.06,sucrose,800.0,100.0
1b,Fig 1,AL9,0.06,sucrose,800.0,100.0
1b,Fig 1,AM9,0.06,sucrose,800.0,33.3
1b,Fig 1,AN9,0.06,sucrose,800.0,33.3
1b,Fig 1,AO9,0.06,sucrose,800.0,33.3
1b,Fig 1,C12,0.075,sucrose,12.5,0.0
1b,Fig 1,D12,0.075,sucrose,12.5,33.3
1b,Fig 1,E12,0.075,sucrose,12.5,0.0
1b,Fig 1,F12,0.075,sucrose,12.5,0.0
1b,Fig 1,G12,0.075,sucrose,12.5,0.0
1b,Fig 1,H12,0.075,sucrose,12.5,0.0
1b,Fig 1,I12,0.075,sucrose,12.5,66.7
1b,Fig 1,J12,0.075,sucrose,12.5,0.0
1b,Fig 1,K12,0.075,sucrose,12.5,0.0
1b,Fig 1,L12,0.075,sucrose,12.5,0.0
1b,Fig 1,M12,0.075,sucrose,12.5,0.0
1b,Fig 1,N12,0.075,sucrose,12.5,0.0
1b,Fig 1,O12,0.075,sucrose,12.5,0.0
1b,Fig 1,P12,0.075,sucrose,12.5,0.0
1b,Fig 1,Q12,0.075,sucrose,12.5,0.0
1b,Fig 1,R12,0.075,sucrose,12.5,0.0
1b,Fig 1,S12,0.075,sucrose,12.5,66.7
1b,Fig 1,T12,0.075,sucrose,12.5,0.0
1b,Fig 1,U12,0.075,sucrose,12.5,0.0
1b,Fig 1,V12,0.075,sucrose,12.5,0.0
1b,Fig 1,C13,0.075,sucrose,25.0,0.0
1b,Fig 1,D13,0.075,sucrose,25.0,0.0
1b,Fig 1,E13,0.075,sucrose,25.0,0.0
1b,Fig 1,F13,0.075,sucrose,25.0,0.0
1b,Fig 1,G13,0.075,sucrose,25.0,33.3
1b,Fig 1,H13,0.075,sucrose,25.0,33.3
1b,Fig 1,I13,0.075,sucrose,25.0,100.0
1b,Fig 1,J13,0.075,sucrose,25.0,0.0
1b,Fig 1,K13,0.075,sucrose,25.0,0.0
1b,Fig 1,L13,0.075,sucrose,25.0,0.0
1b,Fig 1,M13,0.075,sucrose,25.0,0.0
1b,Fig 1,N13,0.075,sucrose,25.0,0.0
1b,Fig 1,O13,0.075,sucrose,25.0,0.0
1b,Fig 1,P13,0.075,sucrose,25.0,0.0
1b,Fig 1,Q13,0.075,sucrose,25.0,0.0
1b,Fig 1,R13,0.075,sucrose,25.0,0.0
1b,Fig 1,S13,0.075,sucrose,25.0,0.0
1b,Fig 1,T13,0.075,sucrose,25.0,0.0
1b,Fig 1,U13,0.075,sucrose,25.0,33.3
1b,Fig 1,V13,0.075,sucrose,25.0,33.3
1b,Fig 1,C14,0.075,sucrose,50.0,0.0
1b,Fig 1,D14,0.075,sucrose,50.0,0.0
1b,Fig 1,E14,0.075,sucrose,50.0,0.0
1b,Fig 1,F14,0.075,sucrose,50.0,0.0
1b,Fig 1,G14,0.075,sucrose,50.0,66.7
1b,Fig 1,H14,0.075,sucrose,50.0,0.0
1b,Fig 1,I14,0.075,sucrose,50.0,0.0
1b,Fig 1,J14,0.075,sucrose,50.0,0.0
1b,Fig 1,K14,0.075,sucrose,50.0,33.3
1b,Fig 1,L14,0.075,sucrose,50.0,66.7
1b,Fig 1,M14,0.075,sucrose,50.0,0.0
1b,Fig 1,N14,0.075,sucrose,50.0,0.0
1b,Fig 1,O14,0.075,sucrose,50.0,0.0
1b,Fig 1,P14,0.075,sucrose,50.0,0.0
1b,Fig 1,Q14,0.075,sucrose,50.0,0.0
1b,Fig 1,R14,0.075,sucrose,50.0,0.0
1b,Fig 1,S14,0.075,sucrose,50.0,0.0
1b,Fig 1,T14,0.075,sucrose,50.0,0.0
1b,Fig 1,U14,0.075,sucrose,50.0,0.0
1b,Fig 1,V14,0.075,sucrose,50.0,66.7
1b,Fig 1,C15,0.075,sucrose,100.0,0.0
1b,Fig 1,D15,0.075,sucrose,100.0,0.0
1b,Fig 1,E15,0.075,sucrose,100.0,0.0
1b,Fig 1,F15,0.075,sucrose,100.0,0.0
1b,Fig 1,G15,0.075,sucrose,100.0,66.7
1b,Fig 1,H15,0.075,sucrose,100.0,0.0
1b,Fig 1,I15,0.075,sucrose,100.0,0.0
1b,Fig 1,J15,0.075,sucrose,100.0,0.0
1b,Fig 1,K15,0.075,sucrose,100.0,0.0
1b,Fig 1,L15,0.075,sucrose,100.0,100.0
1b,Fig 1,M15,0.075,sucrose,100.0,0.0
1b,Fig 1,N15,0.075,sucrose,100.0,0.0
1b,Fig 1,O15,0.075,sucrose,100.0,100.0
1b,Fig 1,P15,0.075,sucrose,100.0,0.0
1b,Fig 1,Q15,0.075,sucrose,100.0,0.0
1b,Fig 1,R15,0.075,sucrose,100.0,0.0
1b,Fig 1,S15,0.075,sucrose,100.0,0.0
1b,Fig 1,T15,0.075,sucrose,100.0,0.0
1b,Fig 1,U15,0.075,sucrose,100.0,0.0
1b,Fig 1,V15,0.075,sucrose,100.0,100.0
1b,Fig 1,C16,0.075,sucrose,200.0,0.0
1b,Fig 1,D16,0.075,sucrose,200.0,33.3
1b,Fig 1,E16,0.075,sucrose,200.0,0.0
1b,Fig 1,F16,0.075,sucrose,200.0,0.0
1b,Fig 1,G16,0.075,sucrose,200.0,66.7
1b,Fig 1,H16,0.075,sucrose,200.0,33.3
1b,Fig 1,I16,0.075,sucrose,200.0,100.0
1b,Fig 1,J16,0.075,sucrose,200.0,0.0
1b,Fig 1,K16,0.075,sucrose,200.0,0.0
1b,Fig 1,L16,0.075,sucrose,200.0,0.0
1b,Fig 1,M16,0.075,sucrose,200.0,0.0
1b,Fig 1,N16,0.075,sucrose,200.0,0.0
1b,Fig 1,O16,0.075,sucrose,200.0,100.0
1b,Fig 1,P16,0.075,sucrose,200.0,0.0
1b,Fig 1,Q16,0.075,sucrose,200.0,0.0
1b,Fig 1,R16,0.075,sucrose,200.0,0.0
1b,Fig 1,S16,0.075,sucrose,200.0,33.3
1b,Fig 1,T16,0.075,sucrose,200.0,0.0
1b,Fig 1,U16,0.075,sucrose,200.0,0.0
1b,Fig 1,V16,0.075,sucrose,200.0,100.0
1b,Fig 1,C17,0.075,sucrose,400.0,0.0
1b,Fig 1,D17,0.075,sucrose,400.0,0.0
1b,Fig 1,E17,0.075,sucrose,400.0,0.0
1b,Fig 1,F17,0.075,sucrose,400.0,0.0
1b,Fig 1,G17,0.075,sucrose,400.0,33.3
1b,Fig 1,H17,0.075,sucrose,400.0,33.3
1b,Fig 1,I17,0.075,sucrose,400.0,66.7
1b,Fig 1,J17,0.075,sucrose,400.0,0.0
1b,Fig 1,K17,0.075,sucrose,400.0,0.0
1b,Fig 1,L17,0.075,sucrose,400.0,0.0
1b,Fig 1,M17,0.075,sucrose,400.0,100.0
1b,Fig 1,N17,0.075,sucrose,400.0,0.0
1b,Fig 1,O17,0.075,sucrose,400.0,100.0
1b,Fig 1,P17,0.075,sucrose,400.0,0.0
1b,Fig 1,Q17,0.075,sucrose,400.0,0.0
1b,Fig 1,R17,0.075,sucrose,400.0,0.0
1b,Fig 1,S17,0.075,sucrose,400.0,0.0
1b,Fig 1,T17,0.075,sucrose,400.0,0.0
1b,Fig 1,U17,0.075,sucrose,400.0,66.7
1b,Fig 1,V17,0.075,sucrose,400.0,66.7
1b,Fig 1,C18,0.075,sucrose,800.0,0.0
1b,Fig 1,D18,0.075,sucrose,800.0,0.0
1b,Fig 1,E18,0.075,sucrose,800.0,0.0
1b,Fig 1,F18,0.075,sucrose,800.0,0.0
1b,Fig 1,G18,0.075,sucrose,800.0,66.7
1b,Fig 1,H18,0.075,sucrose,800.0,33.3
1b,Fig 1,I18,0.075,sucrose,800.0,66.7
1b,Fig 1,J18,0.075,sucrose,800.0,0.0
1b,Fig 1,K18,0.075,sucrose,800.0,0.0
1b,Fig 1,L18,0.075,sucrose,800.0,0.0
1b,Fig 1,M18,0.075,sucrose,800.0,100.0
1b,Fig 1,N18,0.075,sucrose,800.0,0.0
1b,Fig 1,O18,0.075,sucrose,800.0,100.0
1b,Fig 1,P18,0.075,sucrose,800.0,0.0
1b,Fig 1,Q18,0.075,sucrose,800.0,0.0
1b,Fig 1,R18,0.075,sucrose,800.0,0.0
1b,Fig 1,S18,0.075,sucrose,800.0,0.0
1b,Fig 1,T18,0.075,sucrose,800.0,0.0
1b,Fig 1,U18,0.075,sucrose,800.0,100.0
1b,Fig 1,V18,0.075,sucrose,800.0,100.0
1b,Fig 1,C21,0.1,sucrose,12.5,0.0
1b,Fig 1,D21,0.1,sucrose,12.5,0.0
1b,Fig 1,E21,0.1,sucrose,12.5,0.0
1b,Fig 1,F21,0.1,sucrose,12.5,0.0
1b,Fig 1,G21,0.1,sucrose,12.5,0.0
1b,Fig 1,H21,0.1,sucrose,12.5,0.0
1b,Fig 1,I21,0.1,sucrose,12.5,0.0
1b,Fig 1,J21,0.1,sucrose,12.5,0.0
1b,Fig 1,K21,0.1,sucrose,12.5,0.0
1b,Fig 1,L21,0.1,sucrose,12.5,0.0
1b,Fig 1,M21,0.1,sucrose,12.5,0.0
1b,Fig 1,N21,0.1,sucrose,12.5,0.0
1b,Fig 1,O21,0.1,sucrose,12.5,66.7
1b,Fig 1,P21,0.1,sucrose,12.5,0.0
1b,Fig 1,Q21,0.1,sucrose,12.5,0.0
1b,Fig 1,R21,0.1,sucrose,12.5,0.0
1b,Fig 1,S21,0.1,sucrose,12.5,0.0
1b,Fig 1,T21,0.1,sucrose,12.5,0.0
1b,Fig 1,U21,0.1,sucrose,12.5,0.0
1b,Fig 1,V21,0.1,sucrose,12.5,0.0
1b,Fig 1,C22,0.1,sucrose,25.0,0.0
1b,Fig 1,D22,0.1,sucrose,25.0,0.0
1b,Fig 1,E22,0.1,sucrose,25.0,0.0
1b,Fig 1,F22,0.1,sucrose,25.0,0.0
1b,Fig 1,G22,0.1,sucrose,25.0,0.0
1b,Fig 1,H22,0.1,sucrose,25.0,0.0
1b,Fig 1,I22,0.1,sucrose,25.0,0.0
1b,Fig 1,J22,0.1,sucrose,25.0,0.0
1b,Fig 1,K22,0.1,sucrose,25.0,0.0
1b,Fig 1,L22,0.1,sucrose,25.0,0.0
1b,Fig 1,M22,0.1,sucrose,25.0,0.0
1b,Fig 1,N22,0.1,sucrose,25.0,0.0
1b,Fig 1,O22,0.1,sucrose,25.0,0.0
1b,Fig 1,P22,0.1,sucrose,25.0,0.0
1b,Fig 1,Q22,0.1,sucrose,25.0,0.0
1b,Fig 1,R22,0.1,sucrose,25.0,0.0
1b,Fig 1,S22,0.1,sucrose,25.0,0.0
1b,Fig 1,T22,0.1,sucrose,25.0,0.0
1b,Fig 1,U22,0.1,sucrose,25.0,0.0
1b,Fig 1,V22,0.1,sucrose,25.0,0.0
1b,Fig 1,C23,0.1,sucrose,50.0,0.0
1b,Fig 1,D23,0.1,sucrose,50.0,0.0
1b,Fig 1,E23,0.1,sucrose,50.0,33.3
1b,Fig 1,F23,0.1,sucrose,50.0,0.0
1b,Fig 1,G23,0.1,sucrose,50.0,0.0
1b,Fig 1,H23,0.1,sucrose,50.0,0.0
1b,Fig 1,I23,0.1,sucrose,50.0,0.0
1b,Fig 1,J23,0.1,sucrose,50.0,0.0
1b,Fig 1,K23,0.1,sucrose,50.0,0.0
1b,Fig 1,L23,0.1,sucrose,50.0,0.0
1b,Fig 1,M23,0.1,sucrose,50.0,0.0
1b,Fig 1,N23,0.1,sucrose,50.0,0.0
1b,Fig 1,O23,0.1,sucrose,50.0,0.0
1b,Fig 1,P23,0.1,sucrose,50.0,0.0
1b,Fig 1,Q23,0.1,sucrose,50.0,66.7
1b,Fig 1,R23,0.1,sucrose,50.0,0.0
1b,Fig 1,S23,0.1,sucrose,50.0,0.0
1b,Fig 1,T23,0.1,sucrose,50.0,0.0
1b,Fig 1,U23,0.1,sucrose,50.0,0.0
1b,Fig 1,V23,0.1,sucrose,50.0,0.0
1b,Fig 1,C24,0.1,sucrose,100.0,0.0
1b,Fig 1,D24,0.1,sucrose,100.0,0.0
1b,Fig 1,E24,0.1,sucrose,100.0,0.0
1b,Fig 1,F24,0.1,sucrose,100.0,0.0
1b,Fig 1,G24,0.1,sucrose,100.0,0.0
1b,Fig 1,H24,0.1,sucrose,100.0,0.0
1b,Fig 1,I24,0.1,sucrose,100.0,0.0
1b,Fig 1,J24,0.1,sucrose,100.0,0.0
1b,Fig 1,K24,0.1,sucrose,100.0,0.0
1b,Fig 1,L24,0.1,sucrose,100.0,0.0
1b,Fig 1,M24,0.1,sucrose,100.0,0.0
1b,Fig 1,N24,0.1,sucrose,100.0,0.0
1b,Fig 1,O24,0.1,sucrose,100.0,0.0
1b,Fig 1,P24,0.1,sucrose,100.0,0.0
1b,Fig 1,Q24,0.1,sucrose,100.0,0.0
1b,Fig 1,R24,0.1,sucrose,100.0,100.0
1b,Fig 1,S24,0.1,sucrose,100.0,0.0
1b,Fig 1,T24,0.1,sucrose,100.0,0.0
1b,Fig 1,U24,0.1,sucrose,100.0,0.0
1b,Fig 1,V24,0.1,sucrose,100.0,33.3
1b,Fig 1,C25,0.1,sucrose,200.0,0.0
1b,Fig 1,D25,0.1,sucrose,200.0,0.0
1b,Fig 1,E25,0.1,sucrose,200.0,0.0
1b,Fig 1,F25,0.1,sucrose,200.0,0.0
1b,Fig 1,G25,0.1,sucrose,200.0,0.0
1b,Fig 1,H25,0.1,sucrose,200.0,0.0
1b,Fig 1,I25,0.1,sucrose,200.0,33.3
1b,Fig 1,J25,0.1,sucrose,200.0,0.0
1b,Fig 1,K25,0.1,sucrose,200.0,0.0
1b,Fig 1,L25,0.1,sucrose,200.0,0.0
1b,Fig 1,M25,0.1,sucrose,200.0,0.0
1b,Fig 1,N25,0.1,sucrose,200.0,0.0
1b,Fig 1,O25,0.1,sucrose,200.0,0.0
1b,Fig 1,P25,0.1,sucrose,200.0,0.0
1b,Fig 1,Q25,0.1,sucrose,200.0,0.0
1b,Fig 1,R25,0.1,sucrose,200.0,100.0
1b,Fig 1,S25,0.1,sucrose,200.0,0.0
1b,Fig 1,T25,0.1,sucrose,200.0,33.3
1b,Fig 1,U25,0.1,sucrose,200.0,33.3
1b,Fig 1,V25,0.1,sucrose,200.0,33.3
1b,Fig 1,C26,0.1,sucrose,400.0,33.3
1b,Fig 1,D26,0.1,sucrose,400.0,0.0
1b,Fig 1,E26,0.1,sucrose,400.0,33.3
1b,Fig 1,F26,0.1,sucrose,400.0,0.0
1b,Fig 1,G26,0.1,sucrose,400.0,0.0
1b,Fig 1,H26,0.1,sucrose,400.0,33.3
1b,Fig 1,I26,0.1,sucrose,400.0,66.7
1b,Fig 1,J26,0.1,sucrose,400.0,0.0
1b,Fig 1,K26,0.1,sucrose,400.0,0.0
1b,Fig 1,L26,0.1,sucrose,400.0,0.0
1b,Fig 1,M26,0.1,sucrose,400.0,0.0
1b,Fig 1,N26,0.1,sucrose,400.0,66.7
1b,Fig 1,O26,0.1,sucrose,400.0,0.0
1b,Fig 1,P26,0.1,sucrose,400.0,33.3
1b,Fig 1,Q26,0.1,sucrose,400.0,0.0
1b,Fig 1,R26,0.1,sucrose,400.0,100.0
1b,Fig 1,S26,0.1,sucrose,400.0,0.0
1b,Fig 1,T26,0.1,sucrose,400.0,100.0
1b,Fig 1,U26,0.1,sucrose,400.0,0.0
1b,Fig 1,V26,0.1,sucrose,400.0,0.0
1b,Fig 1,C27,0.1,sucrose,800.0,33.3
1b,Fig 1,D27,0.1,sucrose,800.0,0.0
1b,Fig 1,E27,0.1,sucrose,800.0,33.3
1b,Fig 1,F27,0.1,sucrose,800.0,0.0
1b,Fig 1,G27,0.1,sucrose,800.0,0.0
1b,Fig 1,H27,0.1,sucrose,800.0,100.0
1b,Fig 1,I27,0.1,sucrose,800.0,100.0
1b,Fig 1,J27,0.1,sucrose,800.0,0.0
1b,Fig 1,K27,0.1,sucrose,800.0,66.7
1b,Fig 1,L27,0.1,sucrose,800.0,0.0
1b,Fig 1,M27,0.1,sucrose,800.0,33.3
1b,Fig 1,N27,0.1,sucrose,800.0,0.0
1b,Fig 1,O27,0.1,sucrose,800.0,0.0
1b,Fig 1,P27,0.1,sucrose,800.0,33.3
1b,Fig 1,Q27,0.1,sucrose,800.0,0.0
1b,Fig 1,R27,0.1,sucrose,800.0,0.0
1b,Fig 1,S27,0.1,sucrose,800.0,0.0
1b,Fig 1,T27,0.1,sucrose,800.0,66.7
1b,Fig 1,U27,0.1,sucrose,800.0,0.0
1b,Fig 1,V27,0.1,sucrose,800.0,33.3
1b,Fig 1,C30,0.15,sucrose,12.5,0.0
1b,Fig 1,D30,0.15,sucrose,12.5,0.0
1b,Fig 1,E30,0.15,sucrose,12.5,0.0
1b,Fig 1,F30,0.15,sucrose,12.5,0.0
1b,Fig 1,G30,0.15,sucrose,12.5,0.0
1b,Fig 1,H30,0.15,sucrose,12.5,0.0
1b,Fig 1,I30,0.15,sucrose,12.5,0.0
1b,Fig 1,J30,0.15,sucrose,12.5,0.0
1b,Fig 1,K30,0.15,sucrose,12.5,0.0
1b,Fig 1,L30,0.15,sucrose,12.5,0.0
1b,Fig 1,M30,0.15,sucrose,12.5,0.0
1b,Fig 1,N30,0.15,sucrose,12.5,0.0
1b,Fig 1,O30,0.15,sucrose,12.5,0.0
1b,Fig 1,P30,0.15,sucrose,12.5,0.0
1b,Fig 1,Q30,0.15,sucrose,12.5,0.0
1b,Fig 1,R30,0.15,sucrose,12.5,0.0
1b,Fig 1,S30,0.15,sucrose,12.5,0.0
1b,Fig 1,T30,0.15,sucrose,12.5,0.0
1b,Fig 1,U30,0.15,sucrose,12.5,0.0
1b,Fig 1,V30,0.15,sucrose,12.5,0.0
1b,Fig 1,W30,0.15,sucrose,12.5,0.0
1b,Fig 1,X30,0.15,sucrose,12.5,0.0
1b,Fig 1,Y30,0.15,sucrose,12.5,0.0
1b,Fig 1,Z30,0.15,sucrose,12.5,0.0
1b,Fig 1,AA30,0.15,sucrose,12.5,0.0
1b,Fig 1,AB30,0.15,sucrose,12.5,0.0
1b,Fig 1,AC30,0.15,sucrose,12.5,0.0
1b,Fig 1,AD30,0.15,sucrose,12.5,0.0
1b,Fig 1,AE30,0.15,sucrose,12.5,0.0
1b,Fig 1,AF30,0.15,sucrose,12.5,0.0
1b,Fig 1,AG30,0.15,sucrose,12.5,0.0
1b,Fig 1,AH30,0.15,sucrose,12.5,0.0
1b,Fig 1,AI30,0.15,sucrose,12.5,0.0
1b,Fig 1,AJ30,0.15,sucrose,12.5,0.0
1b,Fig 1,AK30,0.15,sucrose,12.5,0.0
1b,Fig 1,AL30,0.15,sucrose,12.5,0.0
1b,Fig 1,AM30,0.15,sucrose,12.5,0.0
1b,Fig 1,AN30,0.15,sucrose,12.5,0.0
1b,Fig 1,C31,0.15,sucrose,25.0,0.0
1b,Fig 1,D31,0.15,sucrose,25.0,0.0
1b,Fig 1,E31,0.15,sucrose,25.0,0.0
1b,Fig 1,F31,0.15,sucrose,25.0,0.0
1b,Fig 1,G31,0.15,sucrose,25.0,0.0
1b,Fig 1,H31,0.15,sucrose,25.0,0.0
1b,Fig 1,I31,0.15,sucrose,25.0,0.0
1b,Fig 1,J31,0.15,sucrose,25.0,0.0
1b,Fig 1,K31,0.15,sucrose,25.0,0.0
1b,Fig 1,L31,0.15,sucrose,25.0,0.0
1b,Fig 1,M31,0.15,sucrose,25.0,0.0
1b,Fig 1,N31,0.15,sucrose,25.0,0.0
1b,Fig 1,O31,0.15,sucrose,25.0,0.0
1b,Fig 1,P31,0.15,sucrose,25.0,33.3
1b,Fig 1,Q31,0.15,sucrose,25.0,0.0
1b,Fig 1,R31,0.15,sucrose,25.0,0.0
1b,Fig 1,S31,0.15,sucrose,25.0,0.0
1b,Fig 1,T31,0.15,sucrose,25.0,0.0
1b,Fig 1,U31,0.15,sucrose,25.0,0.0
1b,Fig 1,V31,0.15,sucrose,25.0,0.0
1b,Fig 1,W31,0.15,sucrose,25.0,0.0
1b,Fig 1,X31,0.15,sucrose,25.0,0.0
1b,Fig 1,Y31,0.15,sucrose,25.0,0.0
1b,Fig 1,Z31,0.15,sucrose,25.0,0.0
1b,Fig 1,AA31,0.15,sucrose,25.0,0.0
1b,Fig 1,AB31,0.15,sucrose,25.0,0.0
1b,Fig 1,AC31,0.15,sucrose,25.0,0.0
1b,Fig 1,AD31,0.15,sucrose,25.0,0.0
1b,Fig 1,AE31,0.15,sucrose,25.0,0.0
1b,Fig 1,AF31,0.15,sucrose,25.0,0.0
1b,Fig 1,AG31,0.15,sucrose,25.0,0.0
1b,Fig 1,AH31,0.15,sucrose,25.0,0.0
1b,Fig 1,AI31,0.15,sucrose,25.0,0.0
1b,Fig 1,AJ31,0.15,sucrose,25.0,0.0
1b,Fig 1,AK31,0.15,sucrose,25.0,0.0
1b,Fig 1,AL31,0.15,sucrose,25.0,0.0
1b,Fig 1,AM31,0.15,sucrose,25.0,0.0
1b,Fig 1,AN31,0.15,sucrose,25.0,0.0
1b,Fig 1,C32,0.15,sucrose,50.0,0.0
1b,Fig 1,D32,0.15,sucrose,50.0,0.0
1b,Fig 1,E32,0.15,sucrose,50.0,0.0
1b,Fig 1,F32,0.15,sucrose,50.0,0.0
1b,Fig 1,G32,0.15,sucrose,50.0,0.0
1b,Fig 1,H32,0.15,sucrose,50.0,0.0
1b,Fig 1,I32,0.15,sucrose,50.0,0.0
1b,Fig 1,J32,0.15,sucrose,50.0,0.0
1b,Fig 1,K32,0.15,sucrose,50.0,0.0
1b,Fig 1,L32,0.15,sucrose,50.0,0.0
1b,Fig 1,M32,0.15,sucrose,50.0,0.0
1b,Fig 1,N32,0.15,sucrose,50.0,0.0
1b,Fig 1,O32,0.15,sucrose,50.0,0.0
1b,Fig 1,P32,0.15,sucrose,50.0,33.3
1b,Fig 1,Q32,0.15,sucrose,50.0,0.0
1b,Fig 1,R32,0.15,sucrose,50.0,0.0
1b,Fig 1,S32,0.15,sucrose,50.0,0.0
1b,Fig 1,T32,0.15,sucrose,50.0,0.0
1b,Fig 1,U32,0.15,sucrose,50.0,0.0
1b,Fig 1,V32,0.15,sucrose,50.0,0.0
1b,Fig 1,W32,0.15,sucrose,50.0,0.0
1b,Fig 1,X32,0.15,sucrose,50.0,0.0
1b,Fig 1,Y32,0.15,sucrose,50.0,0.0
1b,Fig 1,Z32,0.15,sucrose,50.0,0.0
1b,Fig 1,AA32,0.15,sucrose,50.0,0.0
1b,Fig 1,AB32,0.15,sucrose,50.0,0.0
1b,Fig 1,AC32,0.15,sucrose,50.0,0.0
1b,Fig 1,AD32,0.15,sucrose,50.0,0.0
1b,Fig 1,AE32,0.15,sucrose,50.0,0.0
1b,Fig 1,AF32,0.15,sucrose,50.0,33.3
1b,Fig 1,AG32,0.15,sucrose,50.0,0.0
1b,Fig 1,AH32,0.15,sucrose,50.0,0.0
1b,Fig 1,AI32,0.15,sucrose,50.0,0.0
1b,Fig 1,AJ32,0.15,sucrose,50.0,0.0
1b,Fig 1,AK32,0.15,sucrose,50.0,0.0
1b,Fig 1,AL32,0.15,sucrose,50.0,0.0
1b,Fig 1,AM32,0.15,sucrose,50.0,0.0
1b,Fig 1,AN32,0.15,sucrose,50.0,0.0
1b,Fig 1,C33,0.15,sucrose,100.0,0.0
1b,Fig 1,D33,0.15,sucrose,100.0,0.0
1b,Fig 1,E33,0.15,sucrose,100.0,0.0
1b,Fig 1,F33,0.15,sucrose,100.0,0.0
1b,Fig 1,G33,0.15,sucrose,100.0,0.0
1b,Fig 1,H33,0.15,sucrose,100.0,0.0
1b,Fig 1,I33,0.15,sucrose,100.0,0.0
1b,Fig 1,J33,0.15,sucrose,100.0,0.0
1b,Fig 1,K33,0.15,sucrose,100.0,0.0
1b,Fig 1,L33,0.15,sucrose,100.0,0.0
1b,Fig 1,M33,0.15,sucrose,100.0,0.0
1b,Fig 1,N33,0.15,sucrose,100.0,0.0
1b,Fig 1,O33,0.15,sucrose,100.0,0.0
1b,Fig 1,P33,0.15,sucrose,100.0,33.3
1b,Fig 1,Q33,0.15,sucrose,100.0,0.0
1b,Fig 1,R33,0.15,sucrose,100.0,0.0
1b,Fig 1,S33,0.15,sucrose,100.0,0.0
1b,Fig 1,T33,0.15,sucrose,100.0,0.0
1b,Fig 1,U33,0.15,sucrose,100.0,0.0
1b,Fig 1,V33,0.15,sucrose,100.0,0.0
1b,Fig 1,W33,0.15,sucrose,100.0,0.0
1b,Fig 1,X33,0.15,sucrose,100.0,0.0
1b,Fig 1,Y33,0.15,sucrose,100.0,0.0
1b,Fig 1,Z33,0.15,sucrose,100.0,0.0
1b,Fig 1,AA33,0.15,sucrose,100.0,0.0
1b,Fig 1,AB33,0.15,sucrose,100.0,0.0
1b,Fig 1,AC33,0.15,sucrose,100.0,0.0
1b,Fig 1,AD33,0.15,sucrose,100.0,0.0
1b,Fig 1,AE33,0.15,sucrose,100.0,0.0
1b,Fig 1,AF33,0.15,sucrose,100.0,33.3
1b,Fig 1,AG33,0.15,sucrose,100.0,0.0
1b,Fig 1,AH33,0.15,sucrose,100.0,33.3
1b,Fig 1,AI33,0.15,sucrose,100.0,33.3
1b,Fig 1,AJ33,0.15,sucrose,100.0,0.0
1b,Fig 1,AK33,0.15,sucrose,100.0,0.0
1b,Fig 1,AL33,0.15,sucrose,100.0,0.0
1b,Fig 1,AM33,0.15,sucrose,100.0,0.0
1b,Fig 1,AN33,0.15,sucrose,100.0,33.3
1b,Fig 1,C34,0.15,sucrose,200.0,0.0
1b,Fig 1,D34,0.15,sucrose,200.0,0.0
1b,Fig 1,E34,0.15,sucrose,200.0,0.0
1b,Fig 1,F34,0.15,sucrose,200.0,0.0
1b,Fig 1,G34,0.15,sucrose,200.0,0.0
1b,Fig 1,H34,0.15,sucrose,200.0,66.7
1b,Fig 1,I34,0.15,sucrose,200.0,0.0
1b,Fig 1,J34,0.15,sucrose,200.0,0.0
1b,Fig 1,K34,0.15,sucrose,200.0,0.0
1b,Fig 1,L34,0.15,sucrose,200.0,0.0
1b,Fig 1,M34,0.15,sucrose,200.0,100.0
1b,Fig 1,N34,0.15,sucrose,200.0,0.0
1b,Fig 1,O34,0.15,sucrose,200.0,0.0
1b,Fig 1,P34,0.15,sucrose,200.0,0.0
1b,Fig 1,Q34,0.15,sucrose,200.0,0.0
1b,Fig 1,R34,0.15,sucrose,200.0,0.0
1b,Fig 1,S34,0.15,sucrose,200.0,0.0
1b,Fig 1,T34,0.15,sucrose,200.0,33.3
1b,Fig 1,U34,0.15,sucrose,200.0,0.0
1b,Fig 1,V34,0.15,sucrose,200.0,0.0
1b,Fig 1,W34,0.15,sucrose,200.0,0.0
1b,Fig 1,X34,0.15,sucrose,200.0,33.3
1b,Fig 1,Y34,0.15,sucrose,200.0,0.0
1b,Fig 1,Z34,0.15,sucrose,200.0,0.0
1b,Fig 1,AA34,0.15,sucrose,200.0,0.0
1b,Fig 1,AB34,0.15,sucrose,200.0,33.3
1b,Fig 1,AC34,0.15,sucrose,200.0,0.0
1b,Fig 1,AD34,0.15,sucrose,200.0,33.3
1b,Fig 1,AE34,0.15,sucrose,200.0,0.0
1b,Fig 1,AF34,0.15,sucrose,200.0,33.3
1b,Fig 1,AG34,0.15,sucrose,200.0,0.0
1b,Fig 1,AH34,0.15,sucrose,200.0,0.0
1b,Fig 1,AI34,0.15,sucrose,200.0,0.0
1b,Fig 1,AJ34,0.15,sucrose,200.0,0.0
1b,Fig 1,AK34,0.15,sucrose,200.0,0.0
1b,Fig 1,AL34,0.15,sucrose,200.0,100.0
1b,Fig 1,AM34,0.15,sucrose,200.0,0.0
1b,Fig 1,AN34,0.15,sucrose,200.0,0.0
1b,Fig 1,C35,0.15,sucrose,400.0,33.3
1b,Fig 1,D35,0.15,sucrose,400.0,0.0
1b,Fig 1,E35,0.15,sucrose,400.0,0.0
1b,Fig 1,F35,0.15,sucrose,400.0,0.0
1b,Fig 1,G35,0.15,sucrose,400.0,0.0
1b,Fig 1,H35,0.15,sucrose,400.0,0.0
1b,Fig 1,I35,0.15,sucrose,400.0,100.0
1b,Fig 1,J35,0.15,sucrose,400.0,0.0
1b,Fig 1,K35,0.15,sucrose,400.0,0.0
1b,Fig 1,L35,0.15,sucrose,400.0,0.0
1b,Fig 1,M35,0.15,sucrose,400.0,66.7
1b,Fig 1,N35,0.15,sucrose,400.0,0.0
1b,Fig 1,O35,0.15,sucrose,400.0,0.0
1b,Fig 1,P35,0.15,sucrose,400.0,0.0
1b,Fig 1,Q35,0.15,sucrose,400.0,0.0
1b,Fig 1,R35,0.15,sucrose,400.0,0.0
1b,Fig 1,S35,0.15,sucrose,400.0,0.0
1b,Fig 1,T35,0.15,sucrose,400.0,0.0
1b,Fig 1,U35,0.15,sucrose,400.0,0.0
1b,Fig 1,V35,0.15,sucrose,400.0,0.0
1b,Fig 1,W35,0.15,sucrose,400.0,0.0
1b,Fig 1,X35,0.15,sucrose,400.0,100.0
1b,Fig 1,Y35,0.15,sucrose,400.0,0.0
1b,Fig 1,Z35,0.15,sucrose,400.0,0.0
1b,Fig 1,AA35,0.15,sucrose,400.0,0.0
1b,Fig 1,AB35,0.15,sucrose,400.0,66.7
1b,Fig 1,AC35,0.15,sucrose,400.0,0.0
1b,Fig 1,AD35,0.15,sucrose,400.0,66.7
1b,Fig 1,AE35,0.15,sucrose,400.0,0.0
1b,Fig 1,AF35,0.15,sucrose,400.0,0.0
1b,Fig 1,AG35,0.15,sucrose,400.0,0.0
1b,Fig 1,AH35,0.15,sucrose,400.0,33.3
1b,Fig 1,AI35,0.15,sucrose,400.0,0.0
1b,Fig 1,AJ35,0.15,sucrose,400.0,33.3
1b,Fig 1,AK35,0.15,sucrose,400.0,0.0
1b,Fig 1,AL35,0.15,sucrose,400.0,66.7
1b,Fig 1,AM35,0.15,sucrose,400.0,0.0
1b,Fig 1,AN35,0.15,sucrose,400.0,0.0
1b,Fig 1,C36,0.15,sucrose,800.0,100.0
1b,Fig 1,D36,0.15,sucrose,800.0,0.0
1b,Fig 1,E36,0.15,sucrose,800.0,0.0
1b,Fig 1,F36,0.15,sucrose,800.0,0.0
1b,Fig 1,G36,0.15,sucrose,800.0,0.0
1b,Fig 1,H36,0.15,sucrose,800.0,100.0
1b,Fig 1,I36,0.15,sucrose,800.0,0.0
1b,Fig 1,J36,0.15,sucrose,800.0,0.0
1b,Fig 1,K36,0.15,sucrose,800.0,33.3
1b,Fig 1,L36,0.15,sucrose,800.0,100.0
1b,Fig 1,M36,0.15,sucrose,800.0,33.3
1b,Fig 1,N36,0.15,sucrose,800.0,0.0
1b,Fig 1,O36,0.15,sucrose,800.0,0.0
1b,Fig 1,P36,0.15,sucrose,800.0,33.3
1b,Fig 1,Q36,0.15,sucrose,800.0,0.0
1b,Fig 1,R36,0.15,sucrose,800.0,0.0
1b,Fig 1,S36,0.15,sucrose,800.0,33.3
1b,Fig 1,T36,0.15,sucrose,800.0,100.0
1b,Fig 1,U36,0.15,sucrose,800.0,0.0
1b,Fig 1,V36,0.15,sucrose,800.0,0.0
1b,Fig 1,W36,0.15,sucrose,800.0,0.0
1b,Fig 1,X36,0.15,sucrose,800.0,66.7
1b,Fig 1,Y36,0.15,sucrose,800.0,0.0
1b,Fig 1,Z36,0.15,sucrose,800.0,0.0
1b,Fig 1,AA36,0.15,sucrose,800.0,0.0
1b,Fig 1,AB36,0.15,sucrose,800.0,100.0
1b,Fig 1,AC36,0.15,sucrose,800.0,0.0
1b,Fig 1,AD36,0.15,sucrose,800.0,100.0
1b,Fig 1,AE36,0.15,sucrose,800.0,0.0
1b,Fig 1,AF36,0.15,sucrose,800.0,0.0
1b,Fig 1,AG36,0.15,sucrose,800.0,0.0
1b,Fig 1,AH36,0.15,sucrose,800.0,66.7
1b,Fig 1,AI36,0.15,sucrose,800.0,0.0
1b,Fig 1,AJ36,0.15,sucrose,800.0,0.0
1b,Fig 1,AK36,0.15,sucrose,800.0,0.0
1b,Fig 1,AL36,0.15,sucrose,800.0,0.0
1b,Fig 1,AM36,0.15,sucrose,800.0,0.0
1b,Fig 1,AN36,0.15,sucrose,800.0,33.3
1b,Fig 1,C39,0.34,sucrose,12.5,0.0
1b,Fig 1,D39,0.34,sucrose,12.5,0.0
1b,Fig 1,E39,0.34,sucrose,12.5,0.0
1b,Fig 1,F39,0.34,sucrose,12.5,0.0
1b,Fig 1,G39,0.34,sucrose,12.5,0.0
1b,Fig 1,H39,0.34,sucrose,12.5,33.3
1b,Fig 1,I39,0.34,sucrose,12.5,33.3
1b,Fig 1,J39,0.34,sucrose,12.5,0.0
1b,Fig 1,K39,0.34,sucrose,12.5,0.0
1b,Fig 1,L39,0.34,sucrose,12.5,0.0
1b,Fig 1,M39,0.34,sucrose,12.5,0.0
1b,Fig 1,N39,0.34,sucrose,12.5,0.0
1b,Fig 1,O39,0.34,sucrose,12.5,0.0
1b,Fig 1,P39,0.34,sucrose,12.5,0.0
1b,Fig 1,Q39,0.34,sucrose,12.5,0.0
1b,Fig 1,R39,0.34,sucrose,12.5,0.0
1b,Fig 1,S39,0.34,sucrose,12.5,0.0
1b,Fig 1,T39,0.34,sucrose,12.5,0.0
1b,Fig 1,U39,0.34,sucrose,12.5,0.0
1b,Fig 1,V39,0.34,sucrose,12.5,0.0
1b,Fig 1,W39,0.34,sucrose,12.5,0.0
1b,Fig 1,X39,0.34,sucrose,12.5,0.0
1b,Fig 1,Y39,0.34,sucrose,12.5,0.0
1b,Fig 1,Z39,0.34,sucrose,12.5,0.0
1b,Fig 1,AA39,0.34,sucrose,12.5,0.0
1b,Fig 1,AB39,0.34,sucrose,12.5,0.0
1b,Fig 1,AC39,0.34,sucrose,12.5,0.0
1b,Fig 1,AD39,0.34,sucrose,12.5,0.0
1b,Fig 1,AE39,0.34,sucrose,12.5,0.0
1b,Fig 1,AF39,0.34,sucrose,12.5,0.0
1b,Fig 1,AG39,0.34,sucrose,12.5,0.0
1b,Fig 1,AH39,0.34,sucrose,12.5,0.0
1b,Fig 1,AI39,0.34,sucrose,12.5,0.0
1b,Fig 1,AJ39,0.34,sucrose,12.5,0.0
1b,Fig 1,AK39,0.34,sucrose,12.5,0.0
1b,Fig 1,AL39,0.34,sucrose,12.5,0.0
1b,Fig 1,C40,0.34,sucrose,25.0,0.0
1b,Fig 1,D40,0.34,sucrose,25.0,0.0
1b,Fig 1,E40,0.34,sucrose,25.0,33.3
1b,Fig 1,F40,0.34,sucrose,25.0,0.0
1b,Fig 1,G40,0.34,sucrose,25.0,0.0
1b,Fig 1,H40,0.34,sucrose,25.0,33.3
1b,Fig 1,I40,0.34,sucrose,25.0,100.0
1b,Fig 1,J40,0.34,sucrose,25.0,0.0
1b,Fig 1,K40,0.34,sucrose,25.0,0.0
1b,Fig 1,L40,0.34,sucrose,25.0,0.0
1b,Fig 1,M40,0.34,sucrose,25.0,0.0
1b,Fig 1,N40,0.34,sucrose,25.0,0.0
1b,Fig 1,O40,0.34,sucrose,25.0,0.0
1b,Fig 1,P40,0.34,sucrose,25.0,0.0
1b,Fig 1,Q40,0.34,sucrose,25.0,0.0
1b,Fig 1,R40,0.34,sucrose,25.0,0.0
1b,Fig 1,S40,0.34,sucrose,25.0,0.0
1b,Fig 1,T40,0.34,sucrose,25.0,0.0
1b,Fig 1,U40,0.34,sucrose,25.0,0.0
1b,Fig 1,V40,0.34,sucrose,25.0,0.0
1b,Fig 1,W40,0.34,sucrose,25.0,0.0
1b,Fig 1,X40,0.34,sucrose,25.0,0.0
1b,Fig 1,Y40,0.34,sucrose,25.0,0.0
1b,Fig 1,Z40,0.34,sucrose,25.0,0.0
1b,Fig 1,AA40,0.34,sucrose,25.0,0.0
1b,Fig 1,AB40,0.34,sucrose,25.0,0.0
1b,Fig 1,AC40,0.34,sucrose,25.0,33.3
1b,Fig 1,AD40,0.34,sucrose,25.0,0.0
1b,Fig 1,AE40,0.34,sucrose,25.0,0.0
1b,Fig 1,AF40,0.34,sucrose,25.0,0.0
1b,Fig 1,AG40,0.34,sucrose,25.0,0.0
1b,Fig 1,AH40,0.34,sucrose,25.0,0.0
1b,Fig 1,AI40,0.34,sucrose,25.0,0.0
1b,Fig 1,AJ40,0.34,sucrose,25.0,0.0
1b,Fig 1,AK40,0.34,sucrose,25.0,0.0
1b,Fig 1,AL40,0.34,sucrose,25.0,0.0
1b,Fig 1,C41,0.34,sucrose,50.0,0.0
1b,Fig 1,D41,0.34,sucrose,50.0,0.0
1b,Fig 1,E41,0.34,sucrose,50.0,0.0
1b,Fig 1,F41,0.34,sucrose,50.0,0.0
1b,Fig 1,G41,0.34,sucrose,50.0,0.0
1b,Fig 1,H41,0.34,sucrose,50.0,0.0
1b,Fig 1,I41,0.34,sucrose,50.0,100.0
1b,Fig 1,J41,0.34,sucrose,50.0,0.0
1b,Fig 1,K41,0.34,sucrose,50.0,0.0
1b,Fig 1,L41,0.34,sucrose,50.0,0.0
1b,Fig 1,M41,0.34,sucrose,50.0,0.0
1b,Fig 1,N41,0.34,sucrose,50.0,0.0
1b,Fig 1,O41,0.34,sucrose,50.0,0.0
1b,Fig 1,P41,0.34,sucrose,50.0,0.0
1b,Fig 1,Q41,0.34,sucrose,50.0,0.0
1b,Fig 1,R41,0.34,sucrose,50.0,0.0
1b,Fig 1,S41,0.34,sucrose,50.0,0.0
1b,Fig 1,T41,0.34,sucrose,50.0,0.0
1b,Fig 1,U41,0.34,sucrose,50.0,0.0
1b,Fig 1,V41,0.34,sucrose,50.0,0.0
1b,Fig 1,W41,0.34,sucrose,50.0,0.0
1b,Fig 1,X41,0.34,sucrose,50.0,0.0
1b,Fig 1,Y41,0.34,sucrose,50.0,0.0
1b,Fig 1,Z41,0.34,sucrose,50.0,0.0
1b,Fig 1,AA41,0.34,sucrose,50.0,0.0
1b,Fig 1,AB41,0.34,sucrose,50.0,0.0
1b,Fig 1,AC41,0.34,sucrose,50.0,33.3
1b,Fig 1,AD41,0.34,sucrose,50.0,0.0
1b,Fig 1,AE41,0.34,sucrose,50.0,0.0
1b,Fig 1,AF41,0.34,sucrose,50.0,0.0
1b,Fig 1,AG41,0.34,sucrose,50.0,0.0
1b,Fig 1,AH41,0.34,sucrose,50.0,0.0
1b,Fig 1,AI41,0.34,sucrose,50.0,0.0
1b,Fig 1,AJ41,0.34,sucrose,50.0,0.0
1b,Fig 1,AK41,0.34,sucrose,50.0,0.0
1b,Fig 1,AL41,0.34,sucrose,50.0,0.0
1b,Fig 1,C42,0.34,sucrose,100.0,0.0
1b,Fig 1,D42,0.34,sucrose,100.0,0.0
1b,Fig 1,E42,0.34,sucrose,100.0,0.0
1b,Fig 1,F42,0.34,sucrose,100.0,0.0
1b,Fig 1,G42,0.34,sucrose,100.0,0.0
1b,Fig 1,H42,0.34,sucrose,100.0,33.3
1b,Fig 1,I42,0.34,sucrose,100.0,66.7
1b,Fig 1,J42,0.34,sucrose,100.0,0.0
1b,Fig 1,K42,0.34,sucrose,100.0,0.0
1b,Fig 1,L42,0.34,sucrose,100.0,0.0
1b,Fig 1,M42,0.34,sucrose,100.0,0.0
1b,Fig 1,N42,0.34,sucrose,100.0,0.0
1b,Fig 1,O42,0.34,sucrose,100.0,0.0
1b,Fig 1,P42,0.34,sucrose,100.0,0.0
1b,Fig 1,Q42,0.34,sucrose,100.0,0.0
1b,Fig 1,R42,0.34,sucrose,100.0,0.0
1b,Fig 1,S42,0.34,sucrose,100.0,0.0
1b,Fig 1,T42,0.34,sucrose,100.0,0.0
1b,Fig 1,U42,0.34,sucrose,100.0,0.0
1b,Fig 1,V42,0.34,sucrose,100.0,0.0
1b,Fig 1,W42,0.34,sucrose,100.0,0.0
1b,Fig 1,X42,0.34,sucrose,100.0,0.0
1b,Fig 1,Y42,0.34,sucrose,100.0,0.0
1b,Fig 1,Z42,0.34,sucrose,100.0,0.0
1b,Fig 1,AA42,0.34,sucrose,100.0,0.0
1b,Fig 1,AB42,0.34,sucrose,100.0,0.0
1b,Fig 1,AC42,0.34,sucrose,100.0,0.0
1b,Fig 1,AD42,0.34,sucrose,100.0,0.0
1b,Fig 1,AE42,0.34,sucrose,100.0,0.0
1b,Fig 1,AF42,0.34,sucrose,100.0,0.0
1b,Fig 1,AG42,0.34,sucrose,100.0,0.0
1b,Fig 1,AH42,0.34,sucrose,100.0,0.0
1b,Fig 1,AI42,0.34,sucrose,100.0,0.0
1b,Fig 1,AJ42,0.34,sucrose,100.0,0.0
1b,Fig 1,AK42,0.34,sucrose,100.0,0.0
1b,Fig 1,AL42,0.34,sucrose,100.0,0.0
1b,Fig 1,C43,0.34,sucrose,200.0,0.0
1b,Fig 1,D43,0.34,sucrose,200.0,0.0
1b,Fig 1,E43,0.34,sucrose,200.0,0.0
1b,Fig 1,F43,0.34,sucrose,200.0,0.0
1b,Fig 1,G43,0.34,sucrose,200.0,0.0
1b,Fig 1,H43,0.34,sucrose,200.0,33.3
1b,Fig 1,I43,0.34,sucrose,200.0,100.0
1b,Fig 1,J43,0.34,sucrose,200.0,0.0
1b,Fig 1,K43,0.34,sucrose,200.0,33.3
1b,Fig 1,L43,0.34,sucrose,200.0,0.0
1b,Fig 1,M43,0.34,sucrose,200.0,0.0
1b,Fig 1,N43,0.34,sucrose,200.0,0.0
1b,Fig 1,O43,0.34,sucrose,200.0,0.0
1b,Fig 1,P43,0.34,sucrose,200.0,0.0
1b,Fig 1,Q43,0.34,sucrose,200.0,66.7
1b,Fig 1,R43,0.34,sucrose,200.0,0.0
1b,Fig 1,S43,0.34,sucrose,200.0,0.0
1b,Fig 1,T43,0.34,sucrose,200.0,0.0
1b,Fig 1,U43,0.34,sucrose,200.0,0.0
1b,Fig 1,V43,0.34,sucrose,200.0,33.3
1b,Fig 1,W43,0.34,sucrose,200.0,0.0
1b,Fig 1,X43,0.34,sucrose,200.0,0.0
1b,Fig 1,Y43,0.34,sucrose,200.0,0.0
1b,Fig 1,Z43,0.34,sucrose,200.0,0.0
1b,Fig 1,AA43,0.34,sucrose,200.0,33.3
1b,Fig 1,AB43,0.34,sucrose,200.0,0.0
1b,Fig 1,AC43,0.34,sucrose,200.0,0.0
1b,Fig 1,AD43,0.34,sucrose,200.0,0.0
1b,Fig 1,AE43,0.34,sucrose,200.0,0.0
1b,Fig 1,AF43,0.34,sucrose,200.0,0.0
1b,Fig 1,AG43,0.34,sucrose,200.0,66.7
1b,Fig 1,AH43,0.34,sucrose,200.0,0.0
1b,Fig 1,AI43,0.34,sucrose,200.0,0.0
1b,Fig 1,AJ43,0.34,sucrose,200.0,0.0
1b,Fig 1,AK43,0.34,sucrose,200.0,0.0
1b,Fig 1,AL43,0.34,sucrose,200.0,0.0
1b,Fig 1,C44,0.34,sucrose,400.0,0.0
1b,Fig 1,D44,0.34,sucrose,400.0,0.0
1b,Fig 1,E44,0.34,sucrose,400.0,0.0
1b,Fig 1,F44,0.34,sucrose,400.0,0.0
1b,Fig 1,G44,0.34,sucrose,400.0,0.0
1b,Fig 1,H44,0.34,sucrose,400.0,0.0
1b,Fig 1,I44,0.34,sucrose,400.0,100.0
1b,Fig 1,J44,0.34,sucrose,400.0,0.0
1b,Fig 1,K44,0.34,sucrose,400.0,33.3
1b,Fig 1,L44,0.34,sucrose,400.0,0.0
1b,Fig 1,M44,0.34,sucrose,400.0,0.0
1b,Fig 1,N44,0.34,sucrose,400.0,0.0
1b,Fig 1,O44,0.34,sucrose,400.0,0.0
1b,Fig 1,P44,0.34,sucrose,400.0,0.0
1b,Fig 1,Q44,0.34,sucrose,400.0,100.0
1b,Fig 1,R44,0.34,sucrose,400.0,0.0
1b,Fig 1,S44,0.34,sucrose,400.0,33.3
1b,Fig 1,T44,0.34,sucrose,400.0,0.0
1b,Fig 1,U44,0.34,sucrose,400.0,0.0
1b,Fig 1,V44,0.34,sucrose,400.0,0.0
1b,Fig 1,W44,0.34,sucrose,400.0,0.0
1b,Fig 1,X44,0.34,sucrose,400.0,0.0
1b,Fig 1,Y44,0.34,sucrose,400.0,0.0
1b,Fig 1,Z44,0.34,sucrose,400.0,0.0
1b,Fig 1,AA44,0.34,sucrose,400.0,100.0
1b,Fig 1,AB44,0.34,sucrose,400.0,0.0
1b,Fig 1,AC44,0.34,sucrose,400.0,0.0
1b,Fig 1,AD44,0.34,sucrose,400.0,0.0
1b,Fig 1,AE44,0.34,sucrose,400.0,0.0
1b,Fig 1,AF44,0.34,sucrose,400.0,0.0
1b,Fig 1,AG44,0.34,sucrose,400.0,100.0
1b,Fig 1,AH44,0.34,sucrose,400.0,0.0
1b,Fig 1,AI44,0.34,sucrose,400.0,33.3
1b,Fig 1,AJ44,0.34,sucrose,400.0,0.0
1b,Fig 1,AK44,0.34,sucrose,400.0,0.0
1b,Fig 1,AL44,0.34,sucrose,400.0,0.0
1b,Fig 1,C45,0.34,sucrose,800.0,0.0
1b,Fig 1,D45,0.34,sucrose,800.0,0.0
1b,Fig 1,E45,0.34,sucrose,800.0,33.3
1b,Fig 1,F45,0.34,sucrose,800.0,66.7
1b,Fig 1,G45,0.34,sucrose,800.0,0.0
1b,Fig 1,H45,0.34,sucrose,800.0,100.0
1b,Fig 1,I45,0.34,sucrose,800.0,66.7
1b,Fig 1,J45,0.34,sucrose,800.0,0.0
1b,Fig 1,K45,0.34,sucrose,800.0,100.0
1b,Fig 1,L45,0.34,sucrose,800.0,0.0
1b,Fig 1,M45,0.34,sucrose,800.0,0.0
1b,Fig 1,N45,0.34,sucrose,800.0,0.0
1b,Fig 1,O45,0.34,sucrose,800.0,0.0
1b,Fig 1,P45,0.34,sucrose,800.0,0.0
1b,Fig 1,Q45,0.34,sucrose,800.0,100.0
1b,Fig 1,R45,0.34,sucrose,800.0,100.0
1b,Fig 1,S45,0.34,sucrose,800.0,0.0
1b,Fig 1,T45,0.34,sucrose,800.0,0.0
1b,Fig 1,U45,0.34,sucrose,800.0,0.0
1b,Fig 1,V45,0.34,sucrose,800.0,0.0
1b,Fig 1,W45,0.34,sucrose,800.0,0.0
1b,Fig 1,X45,0.34,sucrose,800.0,0.0
1b,Fig 1,Y45,0.34,sucrose,800.0,0.0
1b,Fig 1,Z45,0.34,sucrose,800.0,100.0
1b,Fig 1,AA45,0.34,sucrose,800.0,0.0
1b,Fig 1,AB45,0.34,sucrose,800.0,0.0
1b,Fig 1,AC45,0.34,sucrose,800.0,0.0
1b,Fig 1,AD45,0.34,sucrose,800.0,0.0
1b,Fig 1,AE45,0.34,sucrose,800.0,0.0
1b,Fig 1,AF45,0.34,sucrose,800.0,0.0
1b,Fig 1,AG45,0.34,sucrose,800.0,100.0
1b,Fig 1,AH45,0.34,sucrose,800.0,0.0
1b,Fig 1,AI45,0.34,sucrose,800.0,0.0
1b,Fig 1,AJ45,0.34,sucrose,800.0,0.0
1b,Fig 1,AK45,0.34,sucrose,800.0,0.0
1b,Fig 1,AL45,0.34,sucrose,800.0,0.0
