panel,sheet,cell,genotype,stimulus,stimulus_mM,evoked_spikes_per_3s,derived_mean_evoked_spikes_per_s
7b,Fig 7,B3,Mex-Gal4,L-glucose,10.0,4.0,1.3333333333333333
7b,Fig 7,C3,Mex-Gal4,L-glucose,10.0,1.0,0.3333333333333333
7b,Fig 7,D3,Mex-Gal4,L-glucose,10.0,0.0,0.0
7b,Fig 7,E3,Mex-Gal4,L-glucose,10.0,0.0,0.0
7b,Fig 7,F3,Mex-Gal4,L-glucose,10.0,2.0,0.6666666666666666
7b,Fig 7,G3,Mex-Gal4,L-glucose,10.0,1.0,0.3333333333333333
7b,Fig 7,M3,Mex-Gal4>UAS-Hh-RNAi,L-glucose,10.0,44.0,14.666666666666666
7b,Fig 7,N3,Mex-Gal4>UAS-Hh-RNAi,L-glucose,10.0,51.0,17.0
7b,Fig 7,O3,Mex-Gal4>UAS-Hh-RNAi,L-glucose,10.0,30.0,10.0
7b,Fig 7,P3,Mex-Gal4>UAS-Hh-RNAi,L-glucose,10.0,38.0,12.666666666666666
7b,Fig 7,Q3,Mex-Gal4>UAS-Hh-RNAi,L-glucose,10.0,30.0,10.0
7b,Fig 7,R3,Mex-Gal4>UAS-Hh-RNAi,L-glucose,10.0,31.0,10.333333333333334
7b,Fig 7,S3,Mex-Gal4>UAS-Hh-RNAi,L-glucose,10.0,38.0,12.666666666666666
7b,Fig 7,T3,Mex-Gal4>UAS-Hh-RNAi,L-glucose,10.0,65.0,21.666666666666668
7b,Fig 7,U3,Mex-Gal4>UAS-Hh-RNAi,L-glucose,10.0,36.0,12.0
7b,Fig 7,B4,Mex-Gal4,L-glucose,50.0,54.0,18.0
7b,Fig 7,C4,Mex-Gal4,L-glucose,50.0,22.0,7.333333333333333
7b,Fig 7,D4,Mex-Gal4,L-glucose,50.0,36.0,12.0
7b,Fig 7,E4,Mex-Gal4,L-glucose,50.0,50.0,16.666666666666668
7b,Fig 7,F4,Mex-Gal4,L-glucose,50.0,38.0,12.666666666666666
7b,Fig 7,G4,Mex-Gal4,L-glucose,50.0,37.0,12.333333333333334
7b,Fig 7,H4,Mex-Gal4,L-glucose,50.0,32.0,10.666666666666666
7b,Fig 7,I4,Mex-Gal4,L-glucose,50.0,53.0,17.666666666666668
7b,Fig 7,M4,Mex-Gal4>UAS-Hh-RNAi,L-glucose,50.0,88.0,29.333333333333332
7b,Fig 7,N4,Mex-Gal4>UAS-Hh-RNAi,L-glucose,50.0,99.0,33.0
7b,Fig 7,O4,Mex-Gal4>UAS-Hh-RNAi,L-glucose,50.0,89.0,29.666666666666668
7b,Fig 7,P4,Mex-Gal4>UAS-Hh-RNAi,L-glucose,50.0,68.0,22.666666666666668
7b,Fig 7,Q4,Mex-Gal4>UAS-Hh-RNAi,L-glucose,50.0,70.0,23.333333333333332
7b,Fig 7,R4,Mex-Gal4>UAS-Hh-RNAi,L-glucose,50.0,104.0,34.666666666666664
7b,Fig 7,S4,Mex-Gal4>UAS-Hh-RNAi,L-glucose,50.0,83.0,27.666666666666668
7b,Fig 7,T4,Mex-Gal4>UAS-Hh-RNAi,L-glucose,50.0,108.0,36.0
7b,Fig 7,U4,Mex-Gal4>UAS-Hh-RNAi,L-glucose,50.0,87.0,29.0
7b,Fig 7,B5,Mex-Gal4,L-glucose,100.0,52.0,17.333333333333332
7b,Fig 7,C5,Mex-Gal4,L-glucose,100.0,40.0,13.333333333333334
7b,Fig 7,D5,Mex-Gal4,L-glucose,100.0,84.0,28.0
7b,Fig 7,E5,Mex-Gal4,L-glucose,100.0,104.0,34.666666666666664
7b,Fig 7,F5,Mex-Gal4,L-glucose,100.0,76.0,25.333333333333332
7b,Fig 7,G5,Mex-Gal4,L-glucose,100.0,67.0,22.333333333333332
7b,Fig 7,H5,Mex-Gal4,L-glucose,100.0,64.0,21.333333333333332
7b,Fig 7,I5,Mex-Gal4,L-glucose,100.0,107.0,35.666666666666664
7b,Fig 7,J5,Mex-Gal4,L-glucose,100.0,82.0,27.333333333333332
7b,Fig 7,K5,Mex-Gal4,L-glucose,100.0,82.0,27.333333333333332
7b,Fig 7,L5,Mex-Gal4,L-glucose,100.0,71.0,23.666666666666668
7b,Fig 7,M5,Mex-Gal4>UAS-Hh-RNAi,L-glucose,100.0,105.0,35.0
7b,Fig 7,N5,Mex-Gal4>UAS-Hh-RNAi,L-glucose,100.0,164.0,54.666666666666664
7b,Fig 7,O5,Mex-Gal4>UAS-Hh-RNAi,L-glucose,100.0,113.0,37.666666666666664
7b,Fig 7,P5,Mex-Gal4>UAS-Hh-RNAi,L-glucose,100.0,99.0,33.0
7b,Fig 7,Q5,Mex-Gal4>UAS-Hh-RNAi,L-glucose,100.0,142.0,47.333333333333336
7b,Fig 7,R5,Mex-Gal4>UAS-Hh-RNAi,L-glucose,100.0,102.0,34.0
7b,Fig 7,S5,Mex-Gal4>UAS-Hh-RNAi,L-glucose,100.0,127.0,42.333333333333336
7b,Fig 7,B6,Mex-Gal4,L-glucose,250.0,89.0,29.666666666666668
7b,Fig 7,C6,Mex-Gal4,L-glucose,250.0,88.0,29.333333333333332
7b,Fig 7,D6,Mex-Gal4,L-glucose,250.0,72.0,24.0
7b,Fig 7,E6,Mex-Gal4,L-glucose,250.0,65.0,21.666666666666668
7b,Fig 7,F6,Mex-Gal4,L-glucose,250.0,89.0,29.666666666666668
7b,Fig 7,G6,Mex-Gal4,L-glucose,250.0,91.0,30.333333333333332
7b,Fig 7,H6,Mex-Gal4,L-glucose,250.0,61.0,20.333333333333332
7b,Fig 7,I6,Mex-Gal4,L-glucose,250.0,135.0,45.0
7b,Fig 7,J6,Mex-Gal4,L-glucose,250.0,96.0,32.0
7b,Fig 7,M6,Mex-Gal4>UAS-Hh-RNAi,L-glucose,250.0,108.0,36.0
7b,Fig 7,N6,Mex-Gal4>UAS-Hh-RNAi,L-glucose,250.0,100.0,33.333333333333336
7b,Fig 7,O6,Mex-Gal4>UAS-Hh-RNAi,L-glucose,250.0,134.0,44.666666666666664
7b,Fig 7,P6,Mex-Gal4>UAS-Hh-RNAi,L-glucose,250.0,115.0,38.333333333333336
7b,Fig 7,Q6,Mex-Gal4>UAS-Hh-RNAi,L-glucose,250.0,137.0,45.666666666666664
7b,Fig 7,R6,Mex-Gal4>UAS-Hh-RNAi,L-glucose,250.0,169.0,56.333333333333336
7b,Fig 7,S6,Mex-Gal4>UAS-Hh-RNAi,L-glucose,250.0,145.0,48.333333333333336
7b,Fig 7,B7,Mex-Gal4,L-glucose,500.0,158.0,52.666666666666664
7b,Fig 7,C7,Mex-Gal4,L-glucose,500.0,134.0,44.666666666666664
7b,Fig 7,D7,Mex-Gal4,L-glucose,500.0,99.0,33.0
7b,Fig 7,E7,Mex-Gal4,L-glucose,500.0,147.0,49.0
7b,Fig 7,F7,Mex-Gal4,L-glucose,500.0,119.0,39.666666666666664
7b,Fig 7,M7,Mex-Gal4>UAS-Hh-RNAi,L-glucose,500.0,127.0,42.333333333333336
7b,Fig 7,N7,Mex-Gal4>UAS-Hh-RNAi,L-glucose,500.0,132.0,44.0
7b,Fig 7,O7,Mex-Gal4>UAS-Hh-RNAi,L-glucose,500.0,153.0,51.0
7b,Fig 7,P7,Mex-Gal4>UAS-Hh-RNAi,L-glucose,500.0,155.0,51.666666666666664
7b,Fig 7,Q7,Mex-Gal4>UAS-Hh-RNAi,L-glucose,500.0,140.0,46.666666666666664
